Year,Month,Cereals_and_products_Rural,Cereals_and_products_Urban,Cereals_and_products_Combined,Milk_and_products_Rural,Milk_and_products_Urban,Milk_and_products_Combined,Oils_and_fats_Rural,Oils_and_fats_Urban,Oils_and_fats_Combined,Fruits_Rural,Fruits_Urban,Fruits_Combined,Vegetables_Rural,Vegetables_Urban,Vegetables_Combined,Pulses_and_products_Rural,Pulses_and_products_Urban,Pulses_and_products_Combined,Sugar_and_confectionery_Rural,Sugar_and_confectionery_Urban,Sugar_and_confectionery_Combined,Spices_Rural,Spices_Urban,Spices_Combined,Non-alcoholic_beverages_Rural,Non-alcoholic_beverages_Urban,Non-alcoholic_beverages_Combined,Prepared_meals_Rural,Prepared_meals_Urban,Prepared_meals_Combined,Food_and_beverages_Rural,Food_and_beverages_Urban,Food_and_beverages_Combined,Pan_Rural,Pan_Urban,Pan_Combined,Egg_Rural,Egg_Urban,Egg_Combined,Footwear_Rural,Footwear_Urban,Footwear_Combined,Housing_Rural,Housing_Urban,Housing_Combined,Fuel_and_light_Rural,Fuel_and_light_Urban,Fuel_and_light_Combined,Household_goods_and_services_Rural,Household_goods_and_services_Urban,Household_goods_and_services_Combined,Health_Rural,Health_Urban,Health_Combined,Transport_and_communication_Rural,Transport_and_communication_Urban,Transport_and_communication_Combined,Recreation_and_amusement_Rural,Recreation_and_amusement_Urban,Recreation_and_amusement_Combined,Education_Rural,Education_Urban,Education_Combined,Personal_care_and_effects_Rural,Personal_care_and_effects_Urban,Personal_care_and_effects_Combined,Miscellaneous_Rural,Miscellaneous_Urban,Miscellaneous_Combined,General_Index_(All_Groups)_Rural,General_Index_(All_Groups)_Urban,General_Index_(All_Groups)_Combined,Consumer_Food_Price_Index_Rural,Consumer_Food_Price_Index_Urban,Consumer_Food_Price_Index_Combined,Clothing_and_footwear_Rural,Clothing_and_footwear_Urban,Clothing_and_footwear_Combined,Meat_and_fish_Rural,Meat_and_fish_Urban,Meat_and_fish_Combined,Clothing_Rural,Clothing_Urban,Clothing_Combined
2014,January,10.6,9.68,10.33,9.06,9.65,9.29,2.73,-0.48,1.62,11.16,9.58,10.37,21.59,15.55,19.57,3.3,1.61,2.74,-4.68,-7.8,-5.65,6.89,10.71,8.08,7.25,6.66,7.05, snacks, sweets etc.,9.93,9.95,9.07,9.66, tobacco, and intoxicants,8.47,11.47,14.96,12.82,8.22,6,7.3,,11.27,11.27,7.11,5.31,6.35,7.44,6.77,7.16,6.35,5.38,6.06,6.97,7.36,7.27,6,6.71,6.4,7.71,7.73,7.72,3.44,3.55,3.54,6.35,6.56,6.45,8.66,8.56,8.6,10.07,8.81,9.68,9.21,8.03,8.66,10.16,11.82,10.72,9.39,8.4,8.94
2014,February,9.34,7.97,8.88,9.11,10.77,9.72,2.16,-0.97,1.04,12.12,10.67,11.39,13.28,6.29,10.95,3.68,3.94,3.8,-4.35,-8.09,-5.61,7.08,10.95,8.37,7.42,5.75,6.73, snacks, sweets etc.,9.38,8.47,7.46,8.16, tobacco, and intoxicants,8.14,9.98,6.5,8.6,7.71,5.88,6.89,,12.05,12.05,6.59,5.11,6.04,7.32,7.03,7.22,6.23,5.44,5.93,6.64,6.61,6.62,5.67,6.78,6.27,7.59,7.62,7.6,3.92,4.22,4.02,6.23,6.42,6.23,7.75,8.02,7.88,8.38,7.02,7.89,9.07,7.8,8.52,8.28,8.06,8.17,9.34,8.16,8.89
2014,March,8.98,7.2,8.35,9.94,11.41,10.47,2.92,0.1,1.91,13.15,12.2,12.73,16.27,9.15,13.8,4.26,5.22,4.57,-3.62,-6.14,-4.41,7.16,11.43,8.54,7.01,4.86,6.12, snacks, sweets etc.,9.33,9.01,8.11,8.61, tobacco, and intoxicants,7.61,9.83,7.33,8.81,7.58,5.75,6.76,,12.75,12.75,6.88,4.62,6.03,7.39,6.91,7.2,6.4,5.32,6.01,6.31,5.78,5.99,5.96,7.15,6.65,7.77,7.71,7.69,4.41,4.8,4.51,6.41,6.2,6.3,8.11,8.29,8.25,9.02,7.96,8.64,9.02,7.66,8.48,8.55,8.98,8.75,9.2,8.02,8.75
2014,April,9.07,6.89,8.33,10.07,11.75,10.69,3.78,0.98,2.78,15.88,15.71,15.79,16.54,10.48,14.41,5.01,6.12,5.41,-1.54,-1.67,-1.64,7.75,11.4,9.0,6.57,4.16,5.6, snacks, sweets etc.,9.1,9.43,8.64,9.19, tobacco, and intoxicants,7.75,10.48,6.89,9.01,8.1,5.73,7.1,,13.33,13.33,6.48,4.23,5.63,7.16,6.48,6.87,6.37,5.01,5.89,6.51,5.9,6.21,5.74,6.92,6.43,7.82,6.94,7.33,6.04,5.72,5.93,6.6,5.99,6.39,8.46,8.51,8.48,9.64,8.66,9.21,9.07,7.43,8.43,8.58,7.32,8.12,9.25,7.78,8.7
2014,May,8.48,6.33,7.84,9.77,12.89,10.86,4.56,1.97,3.66,16.84,16.82,16.83,15.47,2.67,10.72,5.09,7.03,5.77,-0.19,-0.59,-0.29,7.31,11.43,8.72,6.33,3.48,5.18, snacks, sweets etc.,8.46,9.34,8.01,8.88, tobacco, and intoxicants,7.59,10.39,11.2,10.7,8.25,5.81,7.26,,13.73,13.73,5.49,3.64,4.75,6.84,6.54,6.74,6.05,4.71,5.57,7.01,7.12,7.02,5.62,6.6,6.11,7.2,6.81,7.01,6.66,6.53,6.65,6.68,6.48,6.68,8.21,8.44,8.33,9.55,7.92,8.89,9.12,7.29,8.39,9.47,8.67,9.25,9.1,7.65,8.56
2014,June,7.48,5.21,6.77,10.16,12.21,10.94,4.15,2.07,3.45,15.2,16.73,15.9,9.58,-4.25,4.26,5.06,7.02,5.74,-0.48,0,-0.29,6.55,11.18,8.14,6.19,2.91,4.77, snacks, sweets etc.,8.2,8.05,6.09,7.31, tobacco, and intoxicants,7.61,7.4,2.58,5.46,7.81,5.6,6.94,,6.85,6.85,5.44,2.96,4.52,6.88,6.13,6.51,6.11,4.6,5.55,6.86,5.99,6.37,5.49,6.27,5.88,7.32,6.48,6.89,5.37,5.23,5.35,6.45,5.75,6.14,7.44,6.11,6.77,8.05,5.62,7.21,8.95,7.16,8.23,8.47,4.83,7.14,9.12,7.51,8.49
2014,July,7.32,5.09,6.62,10.34,12.28,11.11,3.95,2.37,3.45,17.04,18.11,17.46,16.18,7.15,12.64,5.7,7.61,6.39,0.48,1.38,0.77,6.48,11.63,8.15,5.96,3.08,4.74, snacks, sweets etc.,7.85,9.02,8.17,8.72, tobacco, and intoxicants,7.47,6.52,3.51,5.27,8.04,5.38,6.89,,6.59,6.59,5.3,2.76,4.3,6.56,6.29,6.47,6.08,4.11,5.33,5.99,5.31,5.6,5.08,6.14,5.66,7.14,6.99,7.06,6.15,6.3,6.23,6.2,5.78,5.99,7.95,6.73,7.39,9.27,8.18,8.85,9.07,7.21,8.27,6.61,6.04,6.44,9.23,7.47,8.53
2014,August,6.56,5.49,6.14,10.82,12.21,11.31,3.95,2.47,3.35,17.06,22.08,19.4,15.98,2.77,10.8,6.24,10.03,7.51,0.96,1.68,1.16,7.2,12.53,9.03,5.56,3.16,4.54, snacks, sweets etc.,8.08,9.05,7.78,8.58, tobacco, and intoxicants,7.32,6.03,3.37,5.01,7.8,5.36,6.76,,6.06,6.06,5,2.29,3.92,6.62,6.07,6.35,6.05,4.28,5.4,5.01,4.07,4.44,5.06,6.01,5.63,6.9,7.58,7.37,4.19,4.25,4.27,5.58,5.17,5.38,7.67,6.39,7.03,9.28,7.78,8.7,8.64,6.99,8.04,6.41,5.73,6.14,8.63,7.23,8.11
2014,September,5.98,4.72,5.58,10.54,11.95,11.04,2.79,1.77,2.47,17.04,20.64,18.64,3.12,-3.27,0.75,6.38,11.23,7.94,0.48,1.09,0.68,6.49,12.65,8.59,5.53,3.33,4.61, snacks, sweets etc.,7.54,6.37,6.29,6.34, tobacco, and intoxicants,6.98,5.46,2.83,4.45,7,5.05,6.16,,5.83,5.83,4.23,2.1,3.44,6.48,5.38,5.93,5.72,4.08,5.18,3.2,0.72,1.91,4.55,5.59,5.21,6.19,7.91,7.23,2.25,2.9,2.53,4.6,3.84,4.31,5.87,5.3,5.63,6.33,5.99,6.22,7.82,6.57,7.33,5.79,5.29,5.65,7.99,7,7.58
2014,October,5.42,4.79,5.21,10.3,11.5,10.79,2.6,1.17,2.08,13.87,16.29,15.01,-5.82,-13.02,-8.41,6.65,11.49,8.2,0.1,1,0.39,6.56,12.96,8.65,5.13,3.41,4.41, snacks, sweets etc.,7.22,4.42,4.14,4.33, tobacco, and intoxicants,6.95,5.06,2.88,4.24,7.12,4.74,6.21,,5.61,5.61,4.3,2.1,3.43,6.43,5.08,5.8,5.88,4.07,5.25,3.02,1.19,2.1,4.34,5.19,4.81,6.08,8,7.22,1.67,2.61,2.05,4.49,3.93,4.3,4.76,4.47,4.62,3.98,3.36,3.88,7.85,6.16,7.27,6.15,6.77,6.45,8.01,6.31,7.33
2014,November,4.6,3.92,4.4,9.93,11.25,10.4,1.47,0,0.94,10.46,11.09,10.75,-14.65,-20.54,-16.77,6.51,12.23,8.32,-0.29,0.3,-0.1,6.24,12.96,8.5,4.47,3.58,4.11, snacks, sweets etc.,7.33,1.96,2.03,2.04, tobacco, and intoxicants,7.09,3.18,0.08,1.94,6.54,4.62,5.81,,5.4,5.4,4.17,2.36,3.49,6.11,4.96,5.58,5.65,4.05,5.03,2.19,0.18,1.19,4.23,5.07,4.7,5.59,8.09,7.01,0.55,1.58,0.93,3.92,3.47,3.74,3.15,3.48,3.27,1.29,0.88,1.13,7.43,5.75,6.85,6.7,8,7.19,7.59,5.99,6.92
2014,December,3.38,2.9,3.19,9.14,10.73,9.79,0.64,-0.39,0.28,11.34,10.48,10.94,-3.71,-2.62,-3.37,6.21,12.14,8.19,-0.87,-0.81,-0.89,5.65,12.06,7.78,4.64,3.57,4.19, snacks, sweets etc.,6.85,3.88,5.26,4.39, tobacco, and intoxicants,7.13,1.16,-1.71,0.0,5.79,4.42,5.24,,5.24,5.24,4.08,2.36,3.4,5.44,4.94,5.19,5.54,3.85,4.92,1.46,-0.82,0.27,3.75,4.96,4.5,5.47,8.35,7.17,1.2,2.51,1.76,3.72,3.28,3.45,4.16,4.5,4.28,3.53,4.75,3.96,6.75,5.54,6.27,5.61,5.59,5.57,6.91,5.69,6.42
2015,January,3.53,2.31,3.18,9.18,10.21,9.55,1.83,1.36,1.59,12.9,8.21,10.8,6.78,13.04,8.84,6.93,14.33,9.37,-1.28,-0.83,-1.2,6.35,12.33,8.38,4.89,3.93,4.45, snacks, sweets etc.,7.08,5.86,6.93,6.3, tobacco, and intoxicants,7.63,1.33,-2.54,-0.24,6.2,4.31,5.39,,5.11,5.11,4.78,2.16,3.83,5.6,4.74,5.16,5.42,3.65,4.71,0.45,-2.62,-1.17,4.01,4.37,4.19,5.72,8.34,7.26,1.75,3.15,2.31,3.53,2.62,3.07,5.34,4.96,5.19,5.78,7.05,6.14,6.71,5.16,6.15,5.12,2.87,4.29,6.78,5.4,6.3
2015,February,3.35,1.97,2.91,9.39,9.03,9.21,2.29,2.34,2.35,10.98,6.57,9.01,10.52,18.21,13.01,8.2,15.62,10.61,-1.09,-0.42,-0.91,7.43,12.51,9.16,5.23,4.19,4.8, snacks, sweets etc.,7.64,6.5,7.38,6.76, tobacco, and intoxicants,8.76,0.74,-4.02,-1.14,7.16,4.3,6.0,,4.98,4.98,6.01,2.61,4.72,5.93,4.53,5.23,6.13,3.35,5.06,0.09,-4.04,-2.16,4.46,4.17,4.36,5.98,7.89,7.07,1.93,2.76,2.3,3.7,1.98,2.89,5.79,4.95,5.37,6.43,7.52,6.88,7.11,5.14,6.38,5.69,3.69,4.95,7.09,5.2,6.36
2015,March,2.66,1.56,2.32,8.53,8.35,8.53,2.29,1.95,2.15,9.45,5.18,7.5,8.57,15.98,11.09,8.8,16.8,11.48,-2.27,-3.22,-2.61,7.86,11.66,9.21,5.22,4.28,4.79, snacks, sweets etc.,7.95,5.94,6.81,6.29, tobacco, and intoxicants,8.81,-1.49,-6.58,-3.47,6.96,4.28,5.89,,4.77,4.77,6.35,3.16,5.16,6,4.42,5.3,6.1,3.16,4.95,0.36,-2.87,-1.35,4.81,4.06,4.34,6.23,7.87,7.23,1.74,1.92,1.83,3.77,2.15,3.05,5.67,4.75,5.25,5.78,6.76,6.14,7.08,4.95,6.27,5.59,4.37,5.11,7.23,5.09,6.42
2015,April,2.58,1.06,2.15,8.38,7.95,8.21,2.01,1.36,1.77,6.93,3.08,5.08,5.81,7.92,6.55,9.46,18.29,12.43,-4.68,-8.67,-5.99,7.73,10.75,8.7,5.2,3.99,4.68, snacks, sweets etc.,8.42,5.46,5.41,5.44, tobacco, and intoxicants,8.93,-0.76,-2.91,-1.55,6.2,4.18,5.41,,4.65,4.65,6.88,3.43,5.51,6.33,4.41,5.37,6.08,3.24,5.02,0.63,-2.52,-0.99,5.16,3.96,4.51,6.11,8.18,7.36,2.48,2.47,2.48,4.04,2.51,3.23,5.29,4.36,4.87,5.03,5.17,5.11,6.96,4.84,6.07,5.55,5.34,5.42,7.03,4.99,6.22
2015,May,2.66,0.9,2.06,8.22,6.3,7.52,2.18,1.64,1.95,6.18,1.24,3.84,3.71,6.77,4.72,11.48,26.64,16.62,-5.7,-10.37,-7.3,8.15,10.09,8.82,5.25,4.25,4.84, snacks, sweets etc.,8.89,5.25,5.08,5.13, tobacco, and intoxicants,8.94,0.34,-2.54,-0.78,6.25,3.99,5.3,,4.64,4.64,7.5,3.42,5.96,6.49,4.03,5.35,6.51,3.33,5.28,1.71,-0.45,0.63,5.23,4.04,4.59,6.54,8.06,7.43,3.12,2.84,2.93,4.56,3.13,3.85,5.52,4.41,5.01,4.74,4.84,4.8,7,4.65,6.04,5.74,4.51,5.26,7.25,4.79,6.27
2015,June,2.82,0.41,1.98,7.88,5.73,7.1,3.45,2.51,3.06,5.88,0.84,3.51,4.56,6.69,5.3,17.56,31.29,22.24,-7.05,-11.44,-8.55,9.53,10.31,9.8,5.4,4.24,4.9, snacks, sweets etc.,9.24,5.94,5.33,5.73, tobacco, and intoxicants,9.29,5.17,4.77,5.01,6.65,3.89,5.54,,4.48,4.48,7.17,3.51,5.83,6.88,4.29,5.67,6.74,3.59,5.52,1.78,0.18,0.98,5.83,3.94,4.75,6.74,7.56,7.23,4.63,3.5,4.16,4.99,3.39,4.19,6.07,4.55,5.4,5.61,5.24,5.48,7.29,4.8,6.26,7.24,6.75,7.07,7.27,4.94,6.4
2015,July,1.89,-0.48,1.06,6.72,5.02,6.03,2.81,2.71,2.78,3.25,-0.67,1.45,-6.2,-10.96,-7.99,18.2,32.18,22.88,-10.21,-16.55,-12.3,8.91,9.58,9.18,4.67,3.95,4.44, snacks, sweets etc.,8.93,3.41,1.89,2.81, tobacco, and intoxicants,9.66,3.65,1.27,2.72,6.09,3.79,5.16,,4.44,4.44,6.68,3.32,5.44,6.59,4,5.3,6.53,4.04,5.59,0.8,-1.33,-0.35,5.55,3.74,4.55,6.41,6.45,6.51,3.58,1.82,2.84,4.42,2.47,3.44,4.35,2.94,3.69,2.75,1.01,2.15,6.65,4.51,5.88,7.35,6.25,6.94,6.71,4.66,5.94
2015,August,2.38,-1.36,1.22,5.66,4.75,5.33,3.07,3.09,3.15,3.47,-1.96,0.92,-4.66,-9.02,-6.3,20.86,35.42,25.76,-11.42,-16.94,-13.23,8.12,8.68,8.28,4.92,3.85,4.51, snacks, sweets etc.,8.87,3.59,1.71,2.92, tobacco, and intoxicants,9.51,2.97,1.37,2.39,6.31,3.59,5.22,,4.68,4.68,7.28,3.13,5.79,6.73,4.08,5.54,6.23,3.92,5.38,0.35,-2.31,-0.98,5.61,3.81,4.62,6.37,5.87,6.02,2.83,1.36,2.18,4.14,2.02,3.08,4.47,2.75,3.74,3.02,0.84,2.2,6.88,4.24,5.85,6.92,3.46,5.63,7.11,4.3,6.0
2015,September,2.29,-0.64,1.38,5.3,4.56,5.05,3.89,3.38,3.71,1.93,-0.4,0.86,0.06,-0.06,0.06,23.57,41.49,29.76,-11.65,-15.31,-12.91,9.14,9.36,9.18,4.64,3.75,4.23, snacks, sweets etc.,8.24,4.55,3.79,4.29, tobacco, and intoxicants,9.62,2.46,-0.69,1.19,6.38,3.58,5.29,,4.74,4.74,6.82,2.95,5.34,6.68,4.24,5.6,6.03,4.27,5.36,0.89,-1.89,-0.63,6.22,3.44,4.6,6.78,5.42,5.99,4.22,2.64,3.56,4.49,2.29,3.34,5.05,3.61,4.41,4.05,3.45,3.88,7.09,4.05,5.91,7.11,2.87,5.59,7.15,4.03,5.97
2015,October,2.45,-0.8,1.46,5.03,4.39,4.79,4.8,5.31,5.0,3.34,0.49,2.06,1.55,3.88,2.3,33.51,59.45,42.38,-9.9,-11.66,-10.48,9.8,9.69,9.82,4.71,3.65,4.31, snacks, sweets etc.,8.04,5.36,5.41,5.34, tobacco, and intoxicants,9.58,2.11,-1.61,0.68,5.82,3.39,4.83,,4.88,4.88,6.87,2.59,5.32,6.47,4.23,5.4,5.81,4.53,5.34,1.07,-1.53,-0.36,6.28,3.61,4.77,7.01,5.24,5.98,4.48,3.09,3.92,4.56,2.46,3.51,5.54,4.28,5.0,5.18,5.47,5.25,6.79,3.95,5.62,6.45,1.98,4.85,6.85,4.01,5.76
2015,November,2.77,-0.4,1.7,4.44,3.21,4.03,6.61,6.59,6.59,2.56,1.23,1.99,2.11,7.44,3.94,38.38,60.6,46.08,-8.52,-9.02,-8.62,10.79,10.03,10.53,5.39,3.45,4.55, snacks, sweets etc.,7.79,6,6.3,6.08, tobacco, and intoxicants,9.44,1.5,-0.98,0.5,6.39,3.38,5.15,,4.95,4.95,7.08,2.22,5.28,6.35,3.95,5.2,5.78,4.51,5.31,1.79,-0.36,0.63,6.71,3.42,4.84,7.34,5.24,6.13,4.96,3.38,4.31,4.82,2.82,3.78,5.95,4.71,5.41,5.75,6.53,6.07,7,3.93,5.76,6.53,3.34,5.34,7.14,3.91,5.9
2015,December,3.19,0.24,2.28,4.51,2.96,3.94,7.35,6.8,7.16,2.33,-1.23,0.72,3.71,5.67,4.41,39.38,58.28,45.83,-6.47,-5.21,-6.06,11.12,10.53,10.92,5.12,3.53,4.45, snacks, sweets etc.,8.25,6.57,6.05,6.31, tobacco, and intoxicants,9.37,1.23,0.63,1.05,6.55,3.2,5.23,,5.06,5.06,7.07,2.65,5.45,6.6,3.6,5.19,5.94,4.77,5.47,2.24,0.46,1.27,7.33,3.32,5.0,6.71,4.89,5.61,4.3,2.54,3.55,4.9,2.91,3.95,6.32,4.73,5.61,6.41,6.31,6.4,6.97,3.75,5.74,7.27,5.61,6.66,7.03,3.89,5.79
2016,January,3.01,0.56,2.19,4.32,3.19,3.92,7.12,5.18,6.45,0.92,-1.9,-0.4,5.9,7.22,6.39,39.76,49.88,43.32,-2.79,0.62,-1.62,10.58,10.19,10.47,5.43,3.43,4.6, snacks, sweets etc.,8.2,7,6.23,6.66, tobacco, and intoxicants,8.88,3.6,4.27,3.88,6,3.19,4.86,,5.2,5.2,6.59,3.09,5.32,6.48,3.75,5.17,6.09,4.75,5.63,2.34,0.93,1.55,6.49,3.4,4.81,6.77,4.64,5.51,4.26,2.33,3.43,4.89,3,3.95,6.48,4.81,5.69,6.93,6.5,6.85,6.94,3.91,5.71,8.2,8.29,8.23,7.07,3.97,5.85
2016,February,3,0.4,2.18,3.9,3.18,3.66,6.28,3.34,5.22,0.77,-2.47,-0.72,2.11,-1.97,0.7,37.04,41.01,38.46,-1.3,4.32,0.51,10.12,9.4,9.87,5.05,3.25,4.24, snacks, sweets etc.,7.57,6.11,4.37,5.52, tobacco, and intoxicants,8.21,4.59,9.04,6.28,5.79,3.09,4.75,,5.33,5.33,6.25,1.75,4.59,6.27,3.48,4.97,5.61,4.73,5.33,2.71,2.15,2.48,6.53,3.39,4.7,7.08,4.9,5.76,5.42,4.03,4.86,5.13,3.53,4.38,6.05,4.3,5.26,5.96,4.23,5.3,6.72,3.9,5.6,7.48,6.8,7.27,6.78,4.04,5.74
2016,March,3.24,0.65,2.43,3.57,3.02,3.33,5.81,2.96,4.85,0.61,-3.15,-1.1,2.11,-2.51,0.46,34.45,33.88,34.23,1.52,9.23,4.02,9.55,9.97,9.66,5.05,3.16,4.23, snacks, sweets etc.,7.28,5.93,4.04,5.19, tobacco, and intoxicants,8.26,5.21,8.99,6.68,5.94,2.91,4.73,,5.31,5.31,5.31,0.35,3.47,6.24,3.64,4.95,5.58,4.72,5.31,1.79,0.09,0.91,6.06,3.21,4.51,6.78,4.81,5.66,5.96,5.21,5.68,4.85,3.08,4.01,5.7,3.95,4.83,5.79,3.98,5.21,6.61,3.8,5.5,7.78,7.58,7.74,6.67,3.86,5.63
2016,April,3.33,0.89,2.51,3.55,3.09,3.4,5.63,4.21,5.13,2.91,0.38,1.74,5.18,4.59,4.98,33.91,34.73,34.21,7.36,19.1,11.18,9.68,9.95,9.8,5.03,3.33,4.3, snacks, sweets etc.,6.76,6.63,5.78,6.29, tobacco, and intoxicants,7.8,5.29,9,6.64,5.92,2.82,4.64,,5.37,5.37,4.79,-0.09,3.03,5.87,3.72,4.85,5.56,4.71,5.21,2.23,1.48,1.82,6.02,3.37,4.49,6.67,4.85,5.54,6.09,5.19,5.73,4.91,3.5,4.26,6.17,4.68,5.47,6.66,5.97,6.4,6.67,3.71,5.56,7.89,8.66,8.23,6.8,3.85,5.69
2016,May,3.32,0.97,2.59,3.68,3,3.46,5.07,4.18,4.74,2.98,2.06,2.56,10.35,11.65,10.85,33.55,28.19,31.57,10.14,22.36,14.06,9.53,9.86,9.64,4.91,3.23,4.19, snacks, sweets etc.,6.55,7.4,6.74,7.2, tobacco, and intoxicants,7.34,6.05,14.11,9.04,5.64,2.81,4.53,,5.35,5.35,4.51,0.09,2.94,5.76,3.79,4.83,5.36,4.7,5.1,1.59,-0.09,0.71,5.91,3.28,4.47,7.14,4.92,5.85,6.59,5.43,6.14,4.79,3.04,3.96,6.45,4.89,5.76,7.67,7.24,7.47,6.31,3.78,5.37,8.18,9.56,8.67,6.36,3.92,5.42
2016,June,3.63,1.86,3.07,3.81,2.91,3.43,3.94,3.96,3.96,3.15,2.42,2.79,12.8,18.4,14.81,28.28,24.51,26.86,12.98,24.72,16.79,8.21,9.43,8.61,4.38,3.05,3.84, snacks, sweets etc.,6.1,7.42,7.55,7.46, tobacco, and intoxicants,7.02,3.69,8.27,5.51,5.2,2.98,4.26,,5.46,5.46,4.4,0.35,2.92,5.29,3.36,4.38,4.82,4.51,4.73,1.84,0.54,1.15,5.26,3.18,4.11,6.72,4.44,5.36,6.11,5.6,5.85,4.58,3.1,3.85,6.29,5.26,5.77,7.69,8.16,7.79,5.94,3.52,5.01,6.29,7.07,6.6,6.15,3.57,5.14
2016,July,4.27,2.92,3.88,4.51,3.21,4.05,5.29,4.42,4.96,3.9,3.16,3.53,12.36,16.94,13.99,28.4,26.02,27.53,17.22,32.21,21.91,8.83,9.43,9.04,5.21,2.87,4.25, snacks, sweets etc.,6.23,7.92,7.95,7.96, tobacco, and intoxicants,6.65,6.23,14.31,9.34,5.34,2.71,4.33,,5.42,5.42,4.23,0.17,2.75,5.69,3.35,4.62,4.88,4.22,4.62,2.02,0.18,1.06,6.1,3.17,4.44,6.43,4.31,5.14,7.28,7.43,7.3,4.83,3.1,4.01,6.66,5.39,6.07,8.18,8.8,8.35,6.39,3.42,5.23,6.08,7.37,6.57,6.52,3.56,5.37
2016,August,4.33,3.66,4.11,5.05,3.28,4.36,5.18,4.68,4.94,4.47,4.38,4.38,2.15,-1.21,0.95,24.87,16.86,21.94,20.41,34.35,24.75,8.88,8.97,8.91,5.43,2.61,4.24, snacks, sweets etc.,6.19,6.32,4.96,5.83, tobacco, and intoxicants,6.76,7.42,13.21,9.58,5.3,2.71,4.31,,5.29,5.29,4.28,-0.52,2.49,5.58,3.25,4.43,4.87,3.95,4.52,2.11,0.45,1.25,5.91,2.9,4.16,6.72,4.2,5.28,8.44,7.95,8.19,5.08,3.18,4.18,5.87,4.22,5.05,6.32,5.1,5.91,6.28,3.58,5.21,5.71,6.53,6.01,6.41,3.72,5.42
2016,September,4.56,3.81,4.25,4.88,3.35,4.27,4.8,4.58,4.74,5.22,6.85,6.0,-5.92,-9.26,-7.09,19.92,4.96,14.33,22.27,33.37,25.88,8.29,7.74,8.1,5.66,2.52,4.39, snacks, sweets etc.,6.63,4.73,3.19,4.12, tobacco, and intoxicants,6.79,8.12,12.98,9.94,5.28,2.53,4.21,,5.18,5.18,4.85,-0.26,3.07,5.3,3.24,4.32,5.27,3.67,4.67,2.81,2.47,2.7,5.1,2.98,3.89,6.18,4.03,4.85,8,7.35,7.67,5.13,3.7,4.51,5.04,3.64,4.39,4.5,2.88,3.96,6.08,3.65,5.19,5.42,6.74,5.83,6.21,3.79,5.24
2016,October,4.54,4.13,4.4,5.1,3.27,4.42,4.32,3.21,3.97,3.9,5.08,4.42,-5.39,-6.45,-5.74,10.38,-6.14,4.11,21.02,29.08,23.62,7.66,7,7.4,5.23,2.6,4.13, snacks, sweets etc.,6.99,4.25,2.79,3.71, tobacco, and intoxicants,7.15,7.7,12.42,9.5,5.5,2.61,4.28,,5.15,5.15,4.34,0.26,2.9,5.36,3.15,4.39,5.49,3.48,4.73,3.51,3.2,3.41,5.33,2.97,4.04,6.31,4.27,5.16,7.71,6.43,7.2,5.45,3.78,4.66,4.78,3.54,4.2,3.86,2.33,3.32,6.28,3.56,5.24,5.52,7.62,6.24,6.48,3.78,5.45
2016,November,4.68,5,4.78,5.17,3.34,4.49,2.8,2.36,2.7,3.63,5.74,4.6,-8.63,-13.73,-10.42,5.72,-8.72,0.29,20,27.31,22.29,6.63,6.05,6.48,4.55,2.42,3.7, snacks, sweets etc.,6.63,3.17,1.43,2.56, tobacco, and intoxicants,6.81,7.31,10.37,8.55,4.91,2.35,3.86,,5.04,5.04,3.74,0.96,2.8,5.18,3.06,4.21,5.3,3.39,4.55,3.68,3.75,3.77,4.96,3.22,4.03,6.28,4.34,5.15,8.14,7.06,7.73,5.43,4.03,4.83,4.13,3.13,3.63,2.79,0.75,2.03,5.86,3.46,4.98,5.21,6.7,5.76,5.9,3.68,5.03
2016,December,4.99,5.87,5.25,5.01,3.5,4.4,2.79,3.18,2.86,3.04,7.04,4.82,-12.37,-18.72,-14.59,3.58,-10.42,-1.63,19.29,24.6,21.06,6.67,4.98,6.13,4.7,2.41,3.77, snacks, sweets etc.,6.29,2.51,0.99,1.98, tobacco, and intoxicants,6.99,6.73,6.14,6.49,5.21,2.26,4.01,,4.98,4.98,5.01,1.55,3.77,5.48,3.31,4.53,5.36,3.12,4.53,4.04,4.03,4.04,4.69,3.13,3.85,6.85,4.5,5.47,6.84,5.92,6.51,5.43,4.03,4.73,3.83,2.9,3.41,2.06,0.15,1.37,5.91,3.45,4.96,4.57,4.94,4.72,5.96,3.67,5.09
2017,January,4.97,6.01,5.31,4.91,3.02,4.23,2.61,3.92,3.12,3.34,8.91,5.81,-14.49,-17.63,-15.62,-1.28,-15.8,-6.56,17.5,21.3,18.69,5.63,3.87,5.04,3.78,2.24,3.18, snacks, sweets etc.,5.89,1.75,0.61,1.37, tobacco, and intoxicants,7.11,4.27,0.45,2.8,5.35,2.09,4.08,,5.02,5.02,4.68,0.94,3.34,5.21,2.88,4.19,5.01,2.94,4.18,4.84,5.79,5.31,4.61,2.95,3.67,6.66,4.75,5.54,6.44,6.05,6.29,5.41,4.54,4.98,3.36,2.9,3.17,1.14,-0.31,0.61,5.58,3.28,4.71,3.45,2.21,3.06,5.63,3.5,4.83
2017,February,4.88,6.41,5.3,4.97,3.01,4.22,3.04,5.44,3.83,6.37,10.79,8.33,-9.01,-6.97,-8.29,-3.62,-18.88,-9.08,17.73,20.59,18.72,4.13,3.08,3.82,3.69,2.32,3.17, snacks, sweets etc.,5.87,2.53,2.32,2.39, tobacco, and intoxicants,6.92,1.25,-0.77,0.47,4.62,2,3.58,,4.9,4.9,4.47,2.76,3.9,5.11,2.87,4.09,4.67,2.85,4.0,4.92,5.87,5.39,4.42,2.86,3.57,6.14,4.83,5.37,5.48,4.73,5.15,5.05,4.44,4.79,3.67,3.55,3.65,2.08,1.87,2.01,5.1,3.19,4.38,3.44,3.48,3.43,5.23,3.41,4.51
2017,March,4.95,6.33,5.38,5.13,4.01,4.69,2.79,5.65,3.76,6.07,14.1,9.59,-8.42,-4.61,-7.16,-8.19,-20.26,-12.42,16.43,18.17,16.95,3.67,1.78,2.99,3.92,2.4,3.33, snacks, sweets etc.,6.13,2.3,2.87,2.54, tobacco, and intoxicants,6.81,2.96,3.8,3.21,4.61,2.08,3.57,,4.96,4.96,5.67,5.23,5.47,5.01,2.7,4.0,4.65,2.84,3.99,5.46,6.54,6.04,4.73,2.77,3.65,6.04,5.06,5.44,5.03,3.93,4.52,5.2,4.52,4.86,3.75,3.96,3.89,1.85,2.42,2.01,5.23,3.27,4.52,3.27,2.27,2.89,5.36,3.48,4.57
2017,April,4.55,6.24,5.06,4.87,4.69,4.81,2.62,4.22,3.14,2.68,5.03,3.78,-9.4,-7.09,-8.59,-11.19,-24.36,-15.88,11.81,10.72,11.37,2.05,0.64,1.56,3.67,2.23,3.07, snacks, sweets etc.,5.9,1.29,1.21,1.29, tobacco, and intoxicants,6.57,3,3.84,3.36,4.75,2.07,3.72,,4.86,4.86,6.3,5.93,6.13,4.92,2.61,3.9,4.63,2.83,3.98,4.2,3.91,4.01,4.14,2.59,3.3,6.1,4.7,5.32,4.48,3.91,4.23,4.77,3.64,4.25,3.02,3.03,2.99,0.69,0.46,0.61,5.36,3.34,4.58,2.44,0.93,1.9,5.48,3.47,4.7
2017,May,4.31,6.08,4.81,4.38,4.91,4.56,2.2,3.47,2.7,1.52,1.27,1.4,-12.69,-14.66,-13.44,-14.58,-28.06,-19.45,10.33,8.91,9.84,1.36,-1.13,0.52,3.33,1.89,2.74, snacks, sweets etc.,5.42,0.15,-0.74,-0.22, tobacco, and intoxicants,6.99,1.93,-1.1,0.72,4.73,2.07,3.63,,4.84,4.84,5.97,4.43,5.46,4.98,2.68,3.89,4.45,2.74,3.8,3.74,3.25,3.46,4.69,2.5,3.46,5.58,4.53,4.9,3.34,2.95,3.19,4.41,3.29,3.81,2.3,2.13,2.18,-0.6,-1.85,-1.05,5.19,3.17,4.41,2.04,1.41,1.8,5.24,3.38,4.54
2017,June,3.81,5.56,4.39,3.74,4.81,4.15,1.94,2.99,2.34,2.55,1.25,1.98,-15.54,-18.13,-16.53,-17.14,-30.48,-21.86,9.28,7.95,8.83,0.3,-2.8,-0.73,3.16,2.14,2.73, snacks, sweets etc.,5.24,-0.81,-1.81,-1.17, tobacco, and intoxicants,6.27,1.11,-1.99,-0.16,4.64,1.73,3.54,,4.7,4.7,5.31,3.03,4.46,4.56,2.92,3.8,4.04,2.65,3.55,2.67,1.42,2.01,4.59,2.5,3.45,5.15,3.87,4.39,3.5,3.11,3.35,3.89,2.59,3.29,1.52,1.41,1.46,-1.62,-3.16,-2.12,4.94,2.84,4.17,3.68,3.34,3.56,4.99,3.06,4.21
2017,July,3.63,4.73,3.97,3.35,4.48,3.75,1.17,2.16,1.46,3.9,1.75,2.9,-4.24,-2.45,-3.57,-19.62,-33.81,-24.69,8.79,7.24,8.27,-0.3,-4.24,-1.67,3.22,2.22,2.8, snacks, sweets etc.,5.58,0.65,0,0.43, tobacco, and intoxicants,6.81,0.15,-5.27,-2.04,4.46,2.15,3.53,,4.91,4.91,5.54,3.64,4.86,4.69,3,3.94,4.26,3.39,3.94,2.32,1.34,1.84,4.31,2.66,3.43,5.96,3.59,4.59,2.89,2,2.57,3.88,2.59,3.28,2.41,2.17,2.36,0.07,-0.99,-0.36,5.13,2.76,4.22,3.37,2.91,3.19,5.17,2.89,4.34
2017,August,3.61,4.39,3.87,3.03,4.61,3.65,0.5,2.06,1.03,5.56,5.08,5.36,3.82,9.97,5.97,-20.21,-32.25,-24.43,7.76,6.54,7.35,-0.15,-4.91,-1.81,2.73,2.21,2.55, snacks, sweets etc.,5.69,1.88,2.11,1.96, tobacco, and intoxicants,7.27,-0.23,-4.04,-1.75,4.66,2.39,3.74,,5.58,5.58,5.65,3.66,5.02,5.13,3.07,4.24,4.72,3.71,4.33,3.71,3.8,3.71,4.78,2.9,3.75,6.29,3.19,4.48,2.79,1.99,2.47,4.43,3.25,3.85,3.22,3.35,3.28,1.38,1.67,1.52,5.4,3.22,4.58,3.1,2.57,2.94,5.44,3.43,4.62
2017,September,3.36,4.29,3.7,3.47,4.6,3.87,0.42,2.32,1.02,6.18,3.77,5.07,3.34,5.1,3.92,-19.54,-28.28,-22.51,6.98,6.34,6.77,-0.81,-5.18,-2.31,2.25,2.21,2.22, snacks, sweets etc.,5.51,1.75,1.69,1.76, tobacco, and intoxicants,7.08,0,-0.69,-0.23,4.64,2.47,3.73,,6.1,6.1,5.94,5.05,5.56,5.19,3.06,4.22,4.38,3.87,4.15,3.59,3.49,3.5,5.25,3.06,4.07,5.6,3.27,4.25,3.18,2.64,2.95,4.32,3.32,3.83,3.15,3.44,3.28,1.31,1.25,1.25,5.37,3.37,4.63,2.75,3.85,3.19,5.49,3.57,4.83
2017,October,3.5,4.04,3.68,4.04,4.82,4.3,0.5,2.13,1.02,6,3.99,5.05,5.29,11.67,7.54,-19.86,-29.37,-23.13,7.05,6.24,6.75,-0.51,-5.16,-2.15,2.02,2.12,2.06, snacks, sweets etc.,5.55,2.18,2.49,2.26, tobacco, and intoxicants,6.81,0.69,0.84,0.77,4.69,2.46,3.87,,6.68,6.68,6.39,6.42,6.36,5.01,3.05,4.05,4.27,3.94,4.12,2.72,1.95,2.26,5.14,2.97,3.97,5.34,3.34,4.15,3.58,3.15,3.36,3.98,2.98,3.48,3.36,3.81,3.58,1.75,2.13,1.9,5.33,3.59,4.68,3.13,3.18,3.12,5.44,3.8,4.8
2017,November,3.26,3.15,3.27,3.89,4.97,4.3,0.41,2.31,1.02,7.6,4.28,6.04,18.48,30.42,22.48,-20.12,-30.13,-23.59,8.02,7.18,7.8,-0.58,-4.88,-2.08,2.49,2.2,2.38, snacks, sweets etc.,5.8,4.25,4.66,4.41, tobacco, and intoxicants,7.72,7.58,9.4,8.26,5.2,2.7,4.25,,7.36,7.36,8.29,8.18,8.24,5.53,3.29,4.51,5.19,4.34,4.91,2.88,1.68,2.25,5.36,2.79,3.95,5.83,3.41,4.37,3.72,2.97,3.43,4.44,2.97,3.72,4.79,4.9,4.88,4.04,4.9,4.35,5.82,3.89,5.04,3.71,2.6,3.34,5.93,4.17,5.3
2017,December,2.87,2.13,2.65,4.11,4.81,4.37,1.23,2.11,1.6,8.55,4.41,6.63,26.27,34.76,29.05,-20.31,-29.65,-23.47,7.12,4.5,6.21,-1.24,-3.99,-2.21,1.55,2.11,1.74, snacks, sweets etc.,5.43,5.05,4.52,4.85, tobacco, and intoxicants,7.58,10.03,8.15,9.26,4.96,2.78,4.08,,8.25,8.25,8.03,7.64,7.9,4.97,3.44,4.26,4.93,4.82,4.89,2.87,1.41,2.16,4.79,3.12,3.86,5.14,3.33,4.06,4.84,3.92,4.46,4.43,3.05,3.79,5.27,5.09,5.21,5.08,4.71,4.96,5.37,4.04,4.87,4.66,3.18,4.14,5.41,4.31,4.99
2018,January,2.63,1.82,2.41,3.88,4.88,4.21,0.98,2.11,1.34,8.75,3.24,6.24,26.96,26.79,26.97,-18.49,-23.66,-20.19,4.09,0,2.77,-0.66,-3.04,-1.5,1.71,2.19,1.9, snacks, sweets etc.,5.49,5.01,3.94,4.58, tobacco, and intoxicants,7.34,9.02,8.3,8.7,4.79,2.94,4.07,,8.33,8.33,7.72,7.88,7.73,4.95,3.52,4.25,4.7,5.22,4.88,3.02,0.95,1.97,5.75,3.44,4.43,5.2,3.55,4.28,5.15,3.8,4.6,4.5,3.03,3.78,5.21,4.93,5.07,5.05,4.06,4.7,5.36,4.19,4.94,4.79,3.46,4.34,5.4,4.45,5.05
2018,February,2.33,1.51,2.1,3.13,4.79,3.76,0.66,1.66,1.01,7.71,3.12,5.62,19.56,13.89,17.57,-17.02,-18.24,-17.35,1.46,-3.43,-0.17,-0.29,-2.29,-1.01,0.85,2.03,1.34, snacks, sweets etc.,5.06,3.82,2.65,3.46, tobacco, and intoxicants,6.68,8.74,8.2,8.51,4.86,2.94,4.07,,8.28,8.28,6.91,6.8,6.88,4.72,3.67,4.24,4.69,5.61,5.02,3.18,1.65,2.39,5.17,3.52,4.25,4.89,3.63,4.2,4.55,3.7,4.16,4.33,3.35,3.85,4.45,4.52,4.44,3.7,2.45,3.26,5.42,4.18,4.93,3.9,2.29,3.39,5.54,4.44,5.12
2018,March,2.4,1.73,2.18,3.5,3.71,3.6,1.32,2.19,1.6,9.45,1.24,5.71,15.29,4.75,11.7,-12.64,-14.95,-13.41,0.17,-5.07,-1.61,0.52,-1.33,-0.07,1.08,2.1,1.49, snacks, sweets etc.,5.09,3.9,1.66,3.08, tobacco, and intoxicants,7.56,8.7,5.53,7.54,4.99,3.18,4.29,,8.31,8.31,6.26,4.64,5.73,4.33,4.14,4.23,4.67,6.01,5.09,4.01,1.9,2.89,5.3,3.59,4.32,5.55,3.77,4.48,4.87,4.11,4.57,4.63,3.67,4.16,4.44,4.12,4.28,3.71,1.22,2.81,5.33,4.32,4.91,3.6,2.65,3.31,5.37,4.51,5.1
2018,April,2.93,1.73,2.56,3.41,2.93,3.21,1.81,2.73,2.2,10.3,9.01,9.72,11.19,0.39,7.46,-11.14,-14.8,-12.35,-1.87,-8.44,-4.05,2.31,-0.78,1.25,1.46,2.18,1.73, snacks, sweets etc.,5.7,3.82,1.72,3.0, tobacco, and intoxicants,8.1,6.92,5.06,6.19,4.75,3.58,4.27,,8.5,8.5,6.52,2.64,5.16,4.91,4.6,4.75,5.04,6.4,5.54,5.12,4.02,4.55,6,4.08,4.96,5.9,4.57,5.13,5.42,4.42,4.96,5.25,4.65,4.96,4.67,4.42,4.58,3.63,1.29,2.8,5.3,4.77,5.11,4.18,2.63,3.59,5.41,5.03,5.29
2018,May,3.23,1.81,2.78,3.4,2.85,3.2,2.32,2.65,2.46,12.34,11.91,12.11,11.31,1.7,7.96,-10.3,-14.22,-11.57,-5.73,-12.98,-8.21,2.54,-0.21,1.54,1.46,2.26,1.8, snacks, sweets etc.,5.83,3.96,2.1,3.29, tobacco, and intoxicants,7.9,6.86,3.9,5.78,4.95,3.81,4.57,,8.4,8.4,6.89,3.83,5.8,5.11,4.74,4.97,5.33,6.8,5.92,5.86,4.81,5.31,5.72,4.23,4.85,5.94,4.93,5.42,6.06,5,5.61,5.63,5.14,5.43,4.88,4.72,4.87,3.77,1.66,3.1,5.64,5.22,5.47,3.85,2.85,3.53,5.82,5.4,5.64
2018,June,3.07,1.81,2.7,3.32,2.55,3.04,2.56,2.73,2.62,9.37,10.93,10.06,11.41,1.27,7.8,-10.13,-12.4,-10.87,-5.47,-10.34,-7.11,3.07,0.86,2.29,1.84,2.01,1.96, snacks, sweets etc.,5.32,3.78,1.99,3.11, tobacco, and intoxicants,7.89,6.8,4.36,5.85,5.08,4.46,4.86,,8.45,8.45,7.64,6.3,7.22,5.18,4.97,5.11,5.41,7.11,5.99,6.7,5.71,6.18,6.16,4.56,5.32,5.99,5.14,5.47,5.88,4.65,5.43,5.85,5.54,5.66,4.93,4.85,4.92,3.66,1.56,2.91,5.62,5.53,5.6,3.06,0.67,2.2,5.73,5.63,5.7
2018,July,3.28,2.11,2.92,3.17,2.4,2.89,2.65,2.91,2.79,6.53,7.39,6.91,1.78,-9.08,-2.26,-8.47,-9.7,-8.91,-4.75,-7.98,-5.81,3.21,1.81,2.74,1.07,1.93,1.4, snacks, sweets etc.,4.81,2.53,0.36,1.73, tobacco, and intoxicants,5.9,7.32,7.5,7.41,5.07,4.2,4.77,,8.3,8.3,8.5,7.02,7.96,5.14,5.03,5.08,5.22,6.88,5.87,7.05,6.1,6.55,5.97,4.45,5.13,5.19,6.27,5.77,5.63,4.74,5.26,5.75,5.85,5.8,4.11,4.32,4.17,2.18,-0.36,1.3,4.95,5.75,5.28,3.54,0.13,2.33,4.99,6.08,5.38
2018,August,3.26,2.48,2.98,2.94,2.1,2.59,3.73,2.89,3.47,4.32,2.52,3.51,-4.05,-12.51,-7.12,-7.71,-8.02,-7.76,-4.47,-7.21,-5.36,2.9,2.62,2.8,1.67,2.25,1.86, snacks, sweets etc.,4.37,1.49,-0.28,0.78, tobacco, and intoxicants,4.97,7,6.47,6.81,4.74,3.78,4.36,,7.59,7.59,8.28,9.17,8.55,4.73,5.25,4.97,4.81,7.32,5.76,6.65,5.32,5.97,5.4,4.59,4.95,4.78,7.07,6.1,4.7,4.06,4.5,5.32,5.82,5.6,3.41,3.99,3.69,1.14,-1.21,0.29,4.71,5.25,4.88,3.98,1.74,3.21,4.68,5.5,4.99
2018,September,3.11,2.54,2.9,2.5,2.02,2.36,3.23,2.88,3.13,1.56,1.82,1.68,-3.3,-5.85,-4.21,-8.53,-8.84,-8.65,-5.45,-8.25,-6.42,2.97,2.84,2.88,1.06,2.32,1.55, snacks, sweets etc.,4.42,1.22,0.65,1.01, tobacco, and intoxicants,5.27,4.67,2.39,3.76,4.58,3.77,4.27,,7.07,7.07,8.44,8.79,8.63,4.42,5.31,4.8,4.95,7.61,5.97,7.18,5.88,6.51,5.82,4.58,5.16,5.73,6.84,6.4,4.18,3.94,4.14,5.45,5.94,5.65,3.27,4.31,3.7,0.87,-0.22,0.51,4.2,5.38,4.64,3.66,0.07,2.39,4.11,5.63,4.68
2018,October,2.5,2.76,2.59,0.28,1.73,0.85,1.73,2.7,2.1,-1.5,2.88,0.49,-6.05,-11.66,-8.12,-11,-8.78,-10.36,-7.5,-7.99,-7.64,2.88,2.39,2.71,2.51,2,2.33, snacks, sweets etc.,3.26,-0.14,-0.21,-0.14, tobacco, and intoxicants,6.05,2.75,1.6,2.29,2.77,3.92,3.21,,6.55,6.55,8.4,8.81,8.55,6.58,5.3,5.99,7.9,7.58,7.77,8.1,7.22,7.72,5.34,4.73,4.98,5.64,6.75,6.24,5.49,4.65,5.15,6.96,6.43,6.73,2.82,4.04,3.38,-0.65,-1.15,-0.86,2.46,5.35,3.55,4.02,1.47,3.16,2.38,5.6,3.59
2018,November,0.59,2.83,1.25,0.28,1.51,0.71,0.99,2.52,1.59,-2.31,3.74,0.42,-12.2,-21.6,-15.59,-10.9,-5.65,-9.22,-8.9,-9.2,-9.02,3.38,2.24,3.0,4.25,2.07,3.33, snacks, sweets etc.,3.1,-1.69,-1.7,-1.69, tobacco, and intoxicants,6.44,-2.7,-6.07,-4.06,2.83,3.83,3.19,,5.99,5.99,6.52,8.75,7.24,6.17,5.43,5.8,7.07,7.38,7.16,7.15,5.12,6.09,7.03,4.96,5.9,6.15,6.95,6.64,3.9,4.48,4.1,6.38,5.84,6.15,1.71,3.12,2.33,-2.4,-3.04,-2.61,2.38,5.24,3.46,5.82,2.96,4.78,2.36,5.48,3.5
2018,December,0.51,3.05,1.25,0.35,1.51,0.78,0.89,1.9,1.24,-4.76,2.59,-1.48,-15.16,-18.87,-16.39,-9.64,-1.92,-7.2,-9.84,-8.04,-9.22,3.24,1.29,2.55,5.11,1.91,3.88, snacks, sweets etc.,3.04,-2.12,-0.86,-1.64, tobacco, and intoxicants,6.01,-5.11,-3.29,-4.41,2.82,3.74,3.18,,5.32,5.32,4.49,4.42,4.47,7.17,5.34,6.31,9.92,7.1,8.87,5.66,3.04,4.3,7.42,4.86,6.05,9.92,7.17,8.38,4.23,4.98,4.51,7.35,5.28,6.38,1.5,2.91,2.11,-2.99,-1.89,-2.65,2.45,5.07,3.38,5.71,3.65,5.02,2.43,5.24,3.49
2019,January,0,2.75,0.81,0.28,1.5,0.71,0.57,1.46,0.91,-8.38,1.05,-4.18,-13.41,-13.29,-13.39,-7.97,-0.17,-5.5,-9.29,-5.88,-8.16,2.13,-0.07,1.38,4.42,1.75,3.33, snacks, sweets etc.,2.64,-2.14,0.07,-1.29, tobacco, and intoxicants,5.92,-3.89,-0.07,-2.44,1.97,3.57,2.58,,5.2,5.2,2.74,1.02,2.12,7.37,5.25,6.45,10,6.82,8.85,4.81,1.98,3.35,6.4,4.52,5.4,9.6,6.93,8.06,3.81,4.94,4.32,7.11,4.77,6.04,1.22,2.91,1.97,-2.94,-0.88,-2.24,1.63,4.99,2.88,5.61,3.97,4.99,1.55,5.15,2.86
2019,February,0.29,3.41,1.25,0.71,1.29,0.92,0.98,1.89,1.33,-9.1,1.11,-4.55,-9.62,-3.87,-7.69,-6.68,2.48,-3.82,-8.14,-4.33,-6.92,2.65,0.07,1.75,5.29,1.91,3.89, snacks, sweets etc.,2.97,-1.08,1.77,-0.07, tobacco, and intoxicants,6.2,-1.07,3.86,0.86,2.6,3.73,3.02,,5.1,5.1,2.04,-0.16,1.24,7.29,5.16,6.29,10.06,6.7,8.82,4.79,1.53,3.08,6.78,4.51,5.54,9.89,6.85,8.13,4.74,5.39,5.01,7.32,4.66,6.02,1.81,3.43,2.57,-1.75,1.27,-0.73,1.42,4.97,2.73,6.47,4.97,5.92,1.21,5.14,2.71
2019,March,0.07,3.48,1.17,0.35,1.43,0.78,0.73,1.63,1.08,-10.99,0.65,-5.88,-7.1,10.31,-1.49,-5.41,4.5,-2.25,-7.51,-3.33,-6.12,1.91,0,1.23,4.73,1.82,3.56, snacks, sweets etc.,2.36,-0.94,3.56,0.66, tobacco, and intoxicants,5.03,-0.93,5.46,1.45,2.17,3.55,2.72,,4.93,4.93,2.66,1.9,2.34,7.22,4.59,6.05,10.02,6.67,8.86,4.25,1.78,2.98,6.44,4.89,5.6,8.97,6.46,7.51,3.63,4.58,4.06,6.83,4.48,5.68,1.8,4.1,2.86,-1.46,3.47,0.3,1.21,4.73,2.52,7.16,5.59,6.55,1.07,4.97,2.49
2019,April,0,3.7,1.17,0,1.14,0.42,0.4,1.54,0.74,-8.06,-1,-4.89,-4.29,17.71,2.87,-4.28,6.75,-0.81,-5.9,-0.18,-4.05,1.09,0.14,0.8,4.25,1.74,3.24, snacks, sweets etc.,1.63,-0.43,4.42,1.38, tobacco, and intoxicants,4.36,-0.88,6.57,1.94,2.09,3.06,2.49,,4.76,4.76,1.95,3.61,2.56,6.03,3.87,5.05,9.67,6.25,8.43,3.91,1.09,2.46,6.54,4.86,5.56,8.77,5.73,7.0,2.53,3.76,3.1,6.26,3.82,5.1,1.87,4.3,2.99,-0.8,4.64,1.1,0.67,4.26,2.01,8.1,6.51,7.55,0.47,4.43,1.93
2019,May,0,4,1.24,-0.21,1.21,0.28,0.32,1.89,0.83,-8.76,-1.06,-5.24,-3.19,22.98,5.46,-1.65,10.28,2.13,-2.24,5.6,0.27,1.38,1,1.3,4.16,1.82,3.16, snacks, sweets etc.,1.36,0.07,5.43,2.03, tobacco, and intoxicants,4.01,-0.74,5.98,1.8,1.73,2.97,2.18,,4.82,4.82,1.8,3.77,2.48,5.43,3.55,4.59,9.32,5.91,8.01,3.01,0.25,1.63,6.65,4.69,5.61,8.52,5.41,6.69,2.06,3.51,2.69,5.77,3.41,4.62,1.86,4.51,3.05,-0.22,5.87,1.83,0.6,3.8,1.8,9.47,5.74,8.12,0.33,3.9,1.64
2019,June,0.15,3.99,1.31,0,1.85,0.7,0.24,1.72,0.74,-7.01,-0.85,-4.18,-2.02,17.92,4.73,2.14,13.45,5.68,-1.6,3.14,-0.09,2.03,0.71,1.59,3.92,1.82,2.99, snacks, sweets etc.,1.49,0.71,5.2,2.37, tobacco, and intoxicants,4.39,-0.37,4.85,1.62,1.24,2.33,1.67,,4.84,4.84,1.86,3.16,2.24,5.2,3.23,4.28,9.61,5.81,8.22,2.2,-0.66,0.73,6.24,4.51,5.28,8.68,5.45,6.79,2.59,4.29,3.23,5.68,3.17,4.52,2.21,4.33,3.18,0.43,5.63,2.25,0.27,3.64,1.52,10.4,6.61,9.01,0.07,3.89,1.5
2019,July,0,4.28,1.31,0.35,2.2,1.05,0.24,2.23,0.91,-4.5,3.34,-0.86,-2.66,13.13,2.82,3.32,14.48,6.82,-3.06,0,-2.11,2.53,0.93,2.02,4.29,2.13,3.38, snacks, sweets etc.,1.23,0.7,5.27,2.33, tobacco, and intoxicants,5.38,-0.65,2.44,0.57,1.03,2.33,1.52,,4.87,4.87,0,-0.86,-0.29,4.82,3.07,4.04,9.5,5.39,7.96,2.9,0.42,1.62,6.58,4.65,5.56,9.12,4.44,6.43,3.58,5.38,4.3,6.03,3.3,4.73,2.19,4.22,3.15,0.57,5.61,2.36,0.2,3.48,1.37,9.85,7.81,9.12,0.07,3.65,1.43
2019,August,0,4.1,1.3,0.77,2.62,1.47,-0.24,2.13,0.57,-5.76,5.19,-0.8,-0.06,20.22,6.9,3.71,14.26,6.94,-3.21,-0.53,-2.35,2.96,0.99,2.3,3.51,1.88,2.9, snacks, sweets etc.,1.1,0.91,6.42,2.96, tobacco, and intoxicants,5.56,-1.44,3.07,0.29,0.55,2.48,1.3,,4.84,4.84,-0.88,-3.31,-1.7,4.45,2.75,3.66,9.54,4.89,7.84,2.42,0.08,1.21,6.78,4.31,5.46,8.71,4.27,6.1,5.71,7.4,6.38,6.08,3.28,4.71,2.25,4.49,3.28,0.85,7.07,2.99,-0.13,3.4,1.23,8.8,8.13,8.51,-0.2,3.57,1.22
2019,September,0.5,4.16,1.66,1.39,2.4,1.75,0.4,2.55,1.15,-4.2,7,0.83,9.37,27.16,15.47,5.42,14.8,8.4,-1.4,1.51,-0.44,3.97,1.84,3.3,4.06,1.8,3.21, snacks, sweets etc.,0.83,2.97,7.63,4.7, tobacco, and intoxicants,5.07,1.24,6.63,3.33,0.34,2.24,1.08,,4.75,4.75,-1.41,-3.51,-2.18,4.38,2.52,3.51,9.57,4.57,7.66,1.31,-1.06,0.08,5.93,4.38,5.06,8.54,4.41,6.16,6.21,7.5,6.72,5.82,2.88,4.45,3.24,4.78,3.99,3.22,8.76,5.11,-0.2,3.02,0.96,9.99,10.9,10.29,-0.26,3.2,1.02
2019,October,1.22,4.29,2.16,3.24,2.9,3.1,1.7,2.63,1.98,0.83,7.96,4.08,21.14,35.42,26.1,9.64,15.9,11.72,1.16,1.77,1.33,4.3,2.91,3.86,2.97,2.04,2.58, snacks, sweets etc.,1.42,5.78,8.97,6.93, tobacco, and intoxicants,4.2,4.9,8.39,6.26,1.52,2,1.73,,4.58,4.58,-1.34,-3.37,-2.02,2.1,2.66,2.4,6.15,4.55,5.58,0.69,-1.46,-0.47,6.14,4.21,5.12,8.58,4.26,6.08,4.39,6.98,5.5,4.22,2.64,3.45,4.29,5.11,4.62,6.42,10.47,7.89,0.8,3.01,1.65,9.49,10.28,9.75,0.66,3.11,1.56
2019,November,3.43,4.34,3.71,3.66,3.04,3.46,2.61,2.88,2.64,1.6,5.16,3.22,29.76,48.55,36.06,12.56,16.74,13.94,1.97,2.22,2.06,4.77,3.47,4.33,0.87,1.95,1.35, snacks, sweets etc.,1.02,7.79,10.42,8.73, tobacco, and intoxicants,3.27,5.19,7.69,6.2,1.03,1.84,1.37,,4.49,4.49,-1.26,-3.29,-1.93,1.96,2.43,2.18,6.12,4.39,5.49,1.38,0.41,0.88,4.19,4.11,4.1,7.06,3.9,5.21,5.63,7.13,6.29,4.28,3.1,3.67,5.27,5.76,5.54,8.83,12.26,10.01,0.46,2.63,1.3,8.55,11,9.38,0.4,2.74,1.28
2019,December,4.16,4.62,4.36,4.42,4.17,4.36,2.66,3.9,3.03,2.92,6.28,4.52,53.37,74.85,60.5,14.81,16.77,15.44,3.37,3.33,3.35,6.35,4.59,5.76,1.09,2.11,1.49, snacks, sweets etc.,1.47,11.41,13.59,12.16, tobacco, and intoxicants,3.33,8.81,8.93,8.86,0.96,1.92,1.36,,4.3,4.3,0.6,0.91,0.7,1.14,2.64,1.82,3.48,4.3,3.8,4.73,5.39,5.02,4.33,3.87,4.02,3.87,3.69,3.73,5.56,7.19,6.2,3.88,4.56,4.17,7.33,7.46,7.35,13.04,16.12,14.19,0.73,2.7,1.5,8.82,11.3,9.63,0.66,2.87,1.49
2020,January,5.2,5.28,5.25,5.69,5.36,5.63,6.54,6.94,6.65,4.94,6.8,5.76,45.41,59.23,50.04,16.32,17.68,16.71,4.98,3.99,4.58,9.14,6.48,8.25,1.97,2.34,2.1, snacks, sweets etc.,1.86,11.35,12.45,11.72, tobacco, and intoxicants,3.63,11.07,9.41,10.49,1.59,2.15,1.8,,4.2,4.2,2.87,5.05,3.66,1.07,2.79,1.81,4.08,4.35,4.2,5.99,6.32,6.16,5.04,4.02,4.46,4.19,3.75,3.93,6.74,7.9,7.15,4.52,5.01,4.75,7.73,7.39,7.59,13.02,14.77,13.63,1.47,2.69,1.91,9.7,12.18,10.57,1.46,2.8,1.96
2020,February,5.41,4.88,5.23,5.89,6.35,6.05,7.74,7.6,7.7,3.61,4.45,3.96,28.28,38.07,31.61,16.71,16.43,16.61,4.43,3.8,4.22,9.77,6.82,8.8,1.97,2.49,2.17, snacks, sweets etc.,1.92,9.18,9.93,9.45, tobacco, and intoxicants,4.05,8.48,5.37,7.28,0.96,2.06,1.43,,4.24,4.24,4.82,9.28,6.36,1.13,2.78,1.88,4.2,4.26,4.19,5.26,5.03,5.17,4.88,4.16,4.45,4.12,3.82,3.93,6.3,7.89,6.94,4.36,4.53,4.51,6.67,6.57,6.58,10.37,11.51,10.81,1.6,2.69,2.05,9.48,11.66,10.2,1.66,2.79,2.1
2020,March,5.48,4.87,5.3,6.46,6.48,6.47,7.41,7.69,7.54,4.19,2.8,3.56,18.8,18.27,18.63,15.94,15.74,15.85,3.97,3.62,3.85,10.87,7.68,9.82,1.97,2.65,2.24, snacks, sweets etc.,2.3,7.94,7.52,7.82, tobacco, and intoxicants,4.67,6.42,4.2,5.56,1.03,1.98,1.43,,3.69,3.69,4.78,9.78,6.59,1,2.92,1.81,4.19,4.17,4.17,4.54,3.92,4.25,5.15,3.68,4.36,3.67,3.95,3.86,8.28,9.66,8.85,4.35,4.44,4.43,6.09,5.59,5.84,8.88,8.59,8.76,1.6,2.82,2.11,8.24,10.85,9.15,1.72,2.93,2.23
2020,May,,,,,,,,,,,,,,,,,,,,,,,,,,,,,,,,,,,,,,,,,,,,,,,,,,,,,,,,,,,,,,,,,,,,,,,,,9.68,8.29,9.2,,,,,,,,,
2020,June,7.55,8.53,7.86,7.05,6.97,6.98,11.18,12.06,11.54,-0.07,0.6,0.27,5.9,0.82,3.99,16.78,19.31,17.61,2.35,4.03,2.88,13.82,12.62,13.44,2.97,5.12,3.87, snacks, sweets etc.,3.32,8.01,7.83,7.92, tobacco, and intoxicants,11.08,9.69,10.11,9.87,2.39,3.72,2.85,,3.55,3.55,-1.96,5.06,0.5,1.4,2.18,1.81,4.28,5.56,4.75,8.6,8.11,8.35,4.64,7.59,6.23,2.6,2.42,2.56,12.17,13.84,12.88,5.86,6.29,6.06,6.34,6.12,6.23,8.84,8.58,8.72,2.26,3.37,2.71,16.39,23.43,18.88,2.18,3.33,2.62
2020,July,6.65,7.21,6.89,6.53,6.45,6.46,12.38,11.82,12.16,0.34,-0.13,0.07,13.92,6.55,11.1,14.78,17.38,15.69,3.07,4.47,3.6,12.91,12.99,12.91,3.61,5.41,4.38, snacks, sweets etc.,3.06,8.6,8.26,8.5, tobacco, and intoxicants,9.97,7.23,8.42,7.71,1.84,2.5,2.06,,3.25,3.25,-0.68,8.9,2.66,1.27,4.94,2.91,4.34,5.61,4.8,9.45,11.03,10.27,3.19,4.59,3.91,2.26,3.39,2.92,12.86,14.88,13.71,6.1,7.66,6.81,6.76,6.7,6.73,9.47,8.99,9.27,2.25,3.57,2.78,14.15,23.47,17.33,2.31,3.66,2.82
2020,August,5.53,6.62,5.92,6.09,6.21,6.15,12.59,12.09,12.45,1.03,0.97,1.0,14.47,6.82,11.53,13.54,16.18,14.44,3.04,5.5,3.93,12.12,12.91,12.41,4.98,6.09,5.41, snacks, sweets etc.,3.0,8.4,8.18,8.29, tobacco, and intoxicants,10.78,9.04,11.72,10.11,2.25,3.1,2.63,,3.1,3.1,0,9.32,3.18,0.93,5.29,2.91,4.19,6.01,4.78,10.05,11.84,10.97,3.24,4.73,4.05,0.88,2.24,1.68,13.4,15.97,14.45,6.07,7.91,6.99,6.66,6.8,6.69,9.11,8.82,9.05,2.32,3.57,2.77,13.59,21.98,16.5,2.37,3.59,2.88
2020,September,4.21,5.54,4.68,5.42,6.07,5.64,13.99,12.33,13.44,2.36,3.94,3.14,22.77,17.46,20.79,13.69,16.81,14.67,2.22,3.6,2.65,11.58,12.17,11.73,6.43,7.08,6.67, snacks, sweets etc.,2.99,9.69,9.97,9.8, tobacco, and intoxicants,10.26,15.11,16.38,15.62,2.73,2.95,2.84,,2.83,2.83,-0.07,8.29,2.8,1.13,4.92,2.84,3.98,6.41,4.9,11.25,11.72,11.5,2.76,4.49,3.68,1.44,2.7,2.13,11.41,13.74,12.38,6.12,7.74,6.89,7.36,7.26,7.27,10.53,10.94,10.68,2.65,3.49,2.97,15.07,22.05,17.48,2.64,3.58,3.02
2020,October,3.12,4.32,3.53,4.98,5.7,5.2,15.76,13.96,15.17,0.55,-0.07,0.27,24.27,18.39,22.08,17.13,20.96,18.34,1.14,2.09,1.49,11.34,11.16,11.28,8.23,8.68,8.44, snacks, sweets etc.,3.37,10.18,9.94,10.09, tobacco, and intoxicants,10.28,21.53,22.25,21.74,2.93,3.02,2.91,,3.27,3.27,-0.14,6.52,2.13,1.46,4.61,2.9,4.36,6.74,5.22,10.93,11.28,11.16,3.3,6.02,4.73,0.56,3.1,2.06,11.33,13.19,12.07,6.04,7.79,6.88,7.75,7.33,7.61,11.12,10.86,11.0,2.98,3.41,3.1,16.71,22.34,18.63,3.03,3.56,3.28
2020,November,1.97,3.4,2.46,4.69,5.69,5.04,19.05,15.8,17.94,-0.21,0.6,0.2,17.66,11.68,15.48,17.11,19.99,18.05,0.53,1.83,0.96,11,10.66,10.88,10.6,9.81,10.27, snacks, sweets etc.,3.74,9.01,8.72,8.89, tobacco, and intoxicants,9.81,20.58,20.15,20.4,3.13,3.09,3.12,,3.19,3.19,0.2,4.31,1.62,1.66,4.6,3.03,4.73,7.07,5.6,10.83,11.34,11.14,3.22,5.56,4.5,1.31,3.36,2.51,11.38,12.95,11.97,6.23,7.78,7.01,7.2,6.73,6.93,9.64,9.23,9.5,3.17,3.74,3.36,15.15,20.5,17.03,3.09,3.83,3.4
2020,December,0.42,2.14,0.98,3.56,4.68,3.91,21.41,17.44,20.05,1.87,3.67,2.68,-10.36,-10.67,-10.51,14.91,18.15,15.98,0.18,1.39,0.53,10.33,10.14,10.29,12.06,11.54,11.78, snacks, sweets etc.,3.79,3.43,4.54,3.87, tobacco, and intoxicants,10.01,15.99,16.07,16.02,3.46,3.39,3.4,,3.21,3.21,0.67,6.96,2.92,1.79,4.22,2.88,4.97,7.61,5.92,9.26,9.35,9.32,3.75,6.29,5.13,1.49,2.76,2.25,11.1,12.48,11.68,5.98,7.19,6.6,4.07,5.19,4.59,3.11,4.08,3.41,3.23,3.87,3.49,13.43,18.42,15.21,3.21,3.88,3.46
2021,January,-0.56,1.51,0.14,2.39,3.42,2.73,20.98,17.58,19.78,4.01,6.02,4.96,-17.96,-12.03,-15.84,12.4,15.17,13.32,-0.79,0.61,-0.26,8.91,9.03,8.95,13.46,12.66,13.15, snacks, sweets etc.,4.03,1.76,4.15,2.67, tobacco, and intoxicants,10.2,13.62,11.91,12.91,3.87,3.53,3.75,,3.25,3.25,1.66,7.85,3.87,1.71,4.21,2.87,5.01,7.93,6.08,9.1,9.6,9.4,4,6.71,5.46,0.87,3.09,2.11,10.11,11.4,10.68,5.81,7.3,6.49,3.23,5.13,4.06,1.11,3.36,1.96,3.55,4.21,3.82,11.24,14.86,12.54,3.53,4.35,3.85
2021,February,-0.97,0.96,-0.35,2.39,2.92,2.59,21.99,18.92,20.85,4.62,7.55,5.99,-9.33,-0.94,-6.27,11.71,14.47,12.62,-1.15,0.17,-0.7,7.98,8.11,8.03,14.28,13.54,13.99, snacks, sweets etc.,4.15,3.27,6,4.25, tobacco, and intoxicants,10.09,11.33,11.1,11.2,4.41,3.6,4.09,,3.23,3.23,1.38,7.42,3.53,1.98,4.34,3.07,5.19,8.17,6.26,10.44,12.22,11.36,4.52,6.97,5.87,1.11,2.96,2.18,8.23,9.27,8.72,5.93,7.88,6.82,4.19,5.96,5.03,2.89,5.63,3.87,4.01,4.55,4.21,9.97,14.14,11.46,4.05,4.75,4.31
2021,March,-1.32,0.68,-0.69,1.85,2.98,2.24,26.18,22.67,24.92,6.14,9.77,7.86,-7.42,-0.54,-4.96,12.27,15.32,13.25,-0.8,-0.09,-0.53,6.49,7.33,6.72,14.63,14.25,14.48, snacks, sweets etc.,4.0,4.25,6.86,5.24, tobacco, and intoxicants,9.15,10.57,10.61,10.6,4.61,3.66,4.23,,3.5,3.5,1.69,9.48,4.43,2.18,4.55,3.28,5.04,8.21,6.17,11.41,13.72,12.55,4.37,7.76,6.19,1.61,3.34,2.63,5.51,6.61,5.92,5.85,8.15,6.95,4.61,6.52,5.52,3.94,6.64,4.87,4.2,4.81,4.41,13.55,17.91,15.09,4.04,5.01,4.37
2021,April,-3.06,-2.77,-2.96,-0.39,0.32,-0.13,27.79,22.64,25.91,9.03,10.4,9.67,-16.96,-10.22,-14.53,7.26,7.96,7.51,-6.34,-5.28,-5.99,3.59,5.71,4.33,16.31,13.48,15.2, snacks, sweets etc.,2.9,1.83,3.78,2.6, tobacco, and intoxicants,9.18,11.23,9.55,10.62,4.73,0.72,3.13,,3.73,3.73,5.12,12.98,7.98,2.3,1.44,1.95,7.13,8.77,7.7,11.3,10.41,10.81,4.55,4.63,4.57,1.48,0,0.63,6.18,4.33,5.36,6.47,5.61,6.12,3.75,4.71,4.23,1.31,3.15,1.96,4.44,1.99,3.49,15.75,18.21,16.68,4.42,2.16,3.52
2021,May,-1.63,-1.06,-1.42,0.58,0.71,0.64,32.47,27.98,30.92,11.01,12.75,11.85,-4.62,2.9,-1.92,9.27,9.58,9.39,-1.64,-1.11,-1.46,6.93,6.79,6.86,16.41,13.35,15.1, snacks, sweets etc.,4.88,4.82,6.07,5.24, tobacco, and intoxicants,10.75,15.16,15.33,15.22,8.37,1.15,5.48,,3.86,3.86,10.45,14.17,11.86,4.4,2.88,3.69,7.71,9.79,8.44,12.4,12.32,12.38,5.4,6.79,6.13,3.58,-0.89,1.0,9.33,4.65,7.38,7.98,6.5,7.25,6.55,5.91,6.3,4.52,5.97,5.01,7.38,2.19,5.32,9.37,8.61,9.09,7.34,2.29,5.34
2021,June,-1.75,-2.29,-1.94,1.83,2.02,1.89,37.77,29.57,34.78,10.75,12.98,11.82,-2.82,2.92,-0.7,10.11,9.8,10.01,1.24,-0.17,0.79,6.38,4.22,5.64,16.47,12.32,14.78, snacks, sweets etc.,6.12,5.38,5.86,5.58, tobacco, and intoxicants,3.67,20.01,18.24,19.35,6.6,2.86,5.12,,3.75,3.75,11.87,13.86,12.61,4.94,6.7,5.74,7.27,8.58,7.71,9.05,14.08,11.63,4.7,4.29,4.45,3.09,3.67,3.39,5.42,3.81,4.75,6.46,8.03,7.21,6.16,6.37,6.26,5.02,5.42,5.15,6.81,5.16,6.14,5.15,4.31,4.83,6.85,5.5,6.36
2021,July,-1.69,-1.65,-1.68,2.48,3.13,2.74,34.98,27.89,32.53,7.35,10.61,8.98,-10.64,-2.87,-7.8,9.14,8.86,9.04,-0.26,-0.94,-0.52,6.06,3.44,5.19,15.82,12.38,14.44, snacks, sweets etc.,5.88,4.12,5,4.46, tobacco, and intoxicants,4.86,21.56,19.74,20.82,7.9,4.96,6.76,,3.86,3.86,11.45,14.03,12.38,5.53,4.29,4.99,7.3,8.61,7.74,9.4,11.65,10.54,5.58,7.08,6.37,2.77,3.09,2.97,4.43,2.84,3.76,6.41,7.04,6.71,5.49,5.82,5.59,3.55,4.56,3.96,7.13,5.21,6.39,9.24,6.62,8.33,7.03,5.27,6.34
2021,August,-1.36,-1.52,-1.42,2.67,3.18,2.86,35.97,27.9,33.07,5.92,7.53,6.69,-13.93,-7.87,-11.73,9.04,8.42,8.81,0.09,-1.77,-0.6,6.13,3.05,5.12,15.27,11.84,13.85, snacks, sweets etc.,6.37,3.65,3.91,3.73, tobacco, and intoxicants,3.99,18.06,13.48,16.26,8.47,4.77,7.0,,3.9,3.9,11.41,15.52,12.95,6.13,4.61,5.38,7.54,8.07,7.78,9.06,11.32,10.24,5.43,7.33,6.48,3.97,3.55,3.68,1.84,-0.19,1.01,6.25,6.58,6.4,5.28,5.32,5.3,3.08,3.28,3.11,7.57,5.6,6.84,10.01,7.82,9.25,7.46,5.79,6.78
2021,September,-0.41,-0.86,-0.61,2.86,3.51,3.13,37.1,28.96,34.19,3.74,3.53,3.64,-24.53,-18.81,-22.42,9.05,8.08,8.75,3.47,1.95,3.01,5.72,3.04,4.84,14.18,11.21,12.99, snacks, sweets etc.,6.73,1.57,1.76,1.61, tobacco, and intoxicants,4.27,8.04,5.64,7.06,8.63,5.51,7.4,,3.58,3.58,11.51,17.29,13.63,6.12,5.65,5.92,7.77,7.81,7.74,7.79,11.15,9.53,6.76,8.38,7.65,3.69,2.95,3.28,2.56,0.95,1.91,6.16,6.7,6.38,4.13,4.57,4.35,0.69,0.67,0.68,7.81,6.14,7.22,8.48,7.07,7.99,7.71,6.18,7.09
2021,October,0.48,0.27,0.41,2.99,3.44,3.19,36.73,27.97,33.57,4.16,5.85,4.92,-23.31,-12.6,-19.43,5.97,4.16,5.36,5.83,4.52,5.36,5.31,3.35,4.64,12.53,9.82,11.4, snacks, sweets etc.,6.7,1.29,2.69,1.82, tobacco, and intoxicants,4.25,-0.87,-2.2,-1.38,9.14,5.87,7.87,,3.54,3.54,12.2,18.14,14.35,6.02,6.34,6.17,7.54,7.57,7.57,9.17,12.57,10.9,6.25,7.41,6.87,4.58,2.49,3.34,3.14,1.52,2.49,6.6,7.09,6.83,4.07,5.04,4.48,0.31,1.78,0.85,8.23,6.38,7.53,7.37,6.6,7.12,8.06,6.42,7.39
2021,November,1.59,1.34,1.51,3.31,3.5,3.37,32.27,24.95,29.67,5,7.08,5.96,-18.34,-4.9,-13.58,3.7,2.23,3.18,6.73,5.12,6.16,4.46,3.27,4.05,10.23,8.93,9.72, snacks, sweets etc.,6.54,1.82,3.89,2.6, tobacco, and intoxicants,4.25,-1.1,-1.63,-1.31,9.5,6.29,8.25,,3.66,3.66,11.16,17.19,13.35,6.19,6.67,6.41,7.3,7.39,7.33,8.54,11.59,10.02,6.43,8.59,7.61,3.93,2.49,3.07,3.7,2.47,3.25,6.44,7.08,6.75,4.29,5.54,4.91,1.09,3.33,1.87,8.64,6.75,7.94,5.99,4.7,5.55,8.54,6.85,7.87
2021,December,2.79,2.43,2.62,3.77,3.63,3.76,26.49,20.4,24.32,3.4,3.74,3.54,-8.25,6.14,-3.04,3.13,1.3,2.49,5.98,4.82,5.58,4.38,3.19,3.96,8.71,7.27,8.17, snacks, sweets etc.,6.57,3.88,5.39,4.47, tobacco, and intoxicants,3.36,1.79,0.9,1.48,9.78,6.85,8.62,,3.61,3.61,9.74,13.16,10.95,6.5,7.07,6.8,7.08,7.14,7.09,8.54,10.88,9.73,6.06,8.39,7.35,3.79,2.88,3.27,4.23,2.98,3.7,6.48,6.91,6.65,5.36,5.9,5.66,3.39,5.08,4.05,9.18,6.99,8.3,5.07,3.8,4.58,9.08,7.08,8.36
2022,January,3.78,2.98,3.46,4.15,3.89,4.09,20.6,15.15,18.7,2.23,2.22,2.26,1.34,11.38,5.13,3.4,2.25,3.02,5.67,5.02,5.45,4.97,4.17,4.68,7.13,6.03,6.69, snacks, sweets etc.,6.48,5.39,5.91,5.58, tobacco, and intoxicants,2.64,2.06,2.5,2.23,10.58,7.69,9.47,,3.52,3.52,8.44,10.91,9.32,6.87,7.4,7.11,6.85,7.02,6.86,8.14,10.49,9.29,5.64,8.2,7.04,4.17,2.68,3.32,4.02,2.84,3.49,6.32,6.8,6.55,6.12,5.91,6.01,5.18,5.88,5.43,9.65,7.42,8.78,5.8,4.99,5.47,9.48,7.37,8.7
2022,February,4.2,3.32,3.95,4.01,3.55,3.88,18.09,13.2,16.44,2.85,1.62,2.26,3.67,10,6.06,3.47,2.13,3.02,5.64,5.05,5.41,6.3,5.9,6.15,6.5,4.96,5.85, snacks, sweets etc.,6.33,5.95,5.85,5.93, tobacco, and intoxicants,2.68,4.46,3.7,4.15,11.04,8.75,10.1,,3.57,3.57,8.42,9.25,8.73,7.04,7.44,7.22,6.7,7.04,6.82,7.32,8.97,8.13,5.28,8.28,6.93,4.03,3.38,3.63,5.99,4.72,5.45,6.42,6.76,6.58,6.38,5.75,6.07,5.81,5.76,5.85,9.66,7.64,8.86,7.55,7.27,7.45,9.36,7.39,8.58
2022,March,5.4,4.2,5.0,4.85,4.5,4.71,20.75,15.09,18.73,3.59,1.46,2.54,10.5,13.43,11.64,3.14,1.43,2.57,5.73,5.25,5.51,8.96,7.44,8.5,6.6,4.25,5.62, snacks, sweets etc.,6.61,7.83,6.92,7.47, tobacco, and intoxicants,3.33,2.88,1.82,2.44,12.18,10.02,11.29,,3.38,3.38,8.27,6.27,7.52,7.56,7.74,7.67,6.93,7.2,6.99,7.07,8.82,8.0,5.58,8.21,7.01,4.15,3.24,3.62,9.34,7.68,8.71,6.99,7.07,7.02,7.66,6.12,6.95,8.04,7.04,7.68,10.2,8.06,9.4,9.82,9.27,9.63,9.9,7.74,9.06
2022,April,6.38,5.28,5.96,5.68,5.26,5.47,18.38,15.24,17.28,5.67,4.21,4.99,13.69,18.01,15.34,2.48,0.74,1.86,5.35,4.97,5.22,11.25,9.34,10.62,6.49,3.96,5.46, snacks, sweets etc.,7.25,8.35,7.72,8.1, tobacco, and intoxicants,3.21,0.67,-1.08,-0.06,12.89,10.91,12.12,,3.47,3.47,11.09,10.07,10.67,7.85,8.27,8.04,7.08,7.3,7.21,9.56,12.1,10.91,5.42,8.79,7.31,4.14,4.06,4.12,9.31,7.54,8.62,7.72,8.37,8.03,8.38,7.09,7.79,8.5,8.09,8.31,10.76,8.41,9.85,7.26,6.57,6.97,10.45,8.02,9.51
2022,May,5.38,5.31,5.33,5.65,5.69,5.64,13.83,12.26,13.26,3.51,1.16,2.33,15.9,22.04,18.26,-0.06,-1.08,-0.42,4.02,4.57,4.27,9.96,9.81,9.93,5.22,4.28,4.9, snacks, sweets etc.,6.24,7.62,8.1,7.84, tobacco, and intoxicants,1.74,-4.27,-5.14,-4.64,10.34,11.2,10.72,,3.65,3.65,8.41,11.58,9.54,6.36,7.33,6.79,5.09,6.05,5.43,9.07,9.93,9.47,4.75,6.95,5.97,2.51,5.49,4.16,5.78,6.79,6.18,6.08,7.55,6.82,7.08,7.08,7.04,7.76,8.2,7.97,8.81,8.89,8.85,8.16,8.27,8.23,8.47,8.63,8.53
2022,June,5.63,5.56,5.66,5.96,6.33,6.15,9.3,9.52,9.36,4.54,1.52,3.1,15.62,20.03,17.31,-0.54,-1.98,-1.02,3.93,4.57,4.17,11.12,10.88,11.04,5.26,4.46,4.94, snacks, sweets etc.,5.94,7.41,7.88,7.56, tobacco, and intoxicants,2.01,-5.41,-5.47,-5.48,11.76,12.03,11.92,,3.93,3.93,9.01,12.04,10.14,6.97,8.21,7.49,5.01,6.28,5.47,7.33,6.58,6.9,4.74,8.89,7.04,3.48,5.31,4.51,6.34,7.09,6.68,5.88,6.78,6.28,7.09,6.86,7.01,7.61,8.04,7.75,9.6,9.43,9.52,8.55,8.71,8.61,9.32,9.09,9.19
2022,July,6.96,6.84,6.9,5.86,5.63,5.78,7.15,8.32,7.52,7.55,5.03,6.28,10.34,11.86,10.9,0.49,-0.43,0.18,4.65,5.01,4.8,13.02,12.57,12.89,4.99,4.17,4.66, snacks, sweets etc.,7.08,6.68,6.85,6.71, tobacco, and intoxicants,1.85,-3.38,-4.54,-3.84,11.92,11.84,11.89,,3.9,3.9,10.52,13.82,11.76,6.86,8.23,7.45,4.93,6.32,5.45,5.86,5.28,5.55,4.92,8.86,7.08,4.49,5.49,5.02,5.8,6.39,6.0,5.53,6.26,5.91,6.8,6.49,6.71,6.73,6.69,6.69,9.92,9.71,9.85,3.08,2.94,3.0,9.64,9.37,9.52
2022,August,10.08,8.65,9.57,6.6,6.05,6.39,3.77,6.17,4.62,8.67,5.98,7.39,12.48,14.51,13.29,2.64,2.32,2.58,4.34,4.62,4.49,15.19,14.41,14.9,4.3,4.22,4.26, snacks, sweets etc.,7.04,7.48,7.64,7.57, tobacco, and intoxicants,1.84,-4.65,-4.43,-4.57,11.75,12.04,11.85,,4.06,4.06,9.81,12.56,10.78,7.09,7.96,7.53,4.85,6.48,5.43,5.64,4.85,5.2,5.09,8.48,6.92,4.9,5.92,5.51,6.74,7.46,7.0,5.7,6.3,5.95,7.15,6.72,7.0,7.6,7.55,7.62,10.04,9.72,9.91,0.89,1.3,1.03,9.7,9.31,9.58
2022,September,12.04,10.45,11.53,7.28,6.91,7.13,-0.72,2.46,0.37,7.47,3.91,5.74,16.84,20.33,18.18,3.11,2.86,3.05,1.26,2.24,1.59,17.05,16.49,16.88,4.22,4.07,4.12, snacks, sweets etc.,6.94,8.27,8.67,8.41, tobacco, and intoxicants,2.1,-1.74,-1.84,-1.79,12.04,12.6,12.23,,4.57,4.57,9.77,11.44,10.39,7.63,7.63,7.62,4.83,6.76,5.58,5.77,5.12,5.39,4.49,7.73,6.28,4.57,6.61,5.74,6.62,7.21,6.81,5.68,6.47,6.06,7.56,7.27,7.41,8.53,8.77,8.6,10.41,9.91,10.17,2.28,3.04,2.55,10.14,9.51,9.9
2022,October,12.73,10.86,12.08,7.89,7.41,7.69,-3.62,0.62,-2.15,6.29,4.02,5.2,8.45,6.62,7.77,2.72,2.78,2.78,-0.41,0.73,0.0,18.17,17.75,18.07,4.15,3.99,4.11, snacks, sweets etc.,6.91,7.19,6.88,7.1, tobacco, and intoxicants,1.94,0.12,-0.64,-0.18,11.89,12.6,12.16,,4.65,4.65,9.24,10.97,9.93,7.65,7.58,7.58,5.04,6.85,5.68,4.95,4.34,4.62,4.53,7.22,6.05,4.44,6.8,5.8,6.77,7.49,7.03,5.59,6.24,5.9,6.98,6.5,6.77,7.3,6.53,7.01,10.46,9.67,10.16,3.11,3.12,3.08,10.18,9.14,9.78
2022,November,13.61,11.52,12.96,8.3,7.96,8.16,-2.22,2.39,-0.63,3.85,1.43,2.68,-6.69,-10.3,-8.08,2.9,3.57,3.15,-0.49,0.24,-0.25,19.91,18.9,19.58,4.32,3.84,4.09, snacks, sweets etc.,7.23,5.43,4.5,5.07, tobacco, and intoxicants,2.14,5.07,4.45,4.86,11.57,12.53,11.94,,4.63,4.63,10.04,11.57,10.62,7.73,7.54,7.6,5.13,7.06,5.83,5.41,5.09,5.3,4.27,6.38,5.44,4.49,6.65,5.72,6.77,7.42,7.03,5.69,6.42,6.01,6.09,5.68,5.88,5.22,3.69,4.67,10.07,9.39,9.83,3.7,4.15,3.87,9.86,8.87,9.51
2022,December,14.52,12.27,13.79,8.51,8.69,8.57,-0.97,3.23,0.48,3.09,0.76,2.0,-12.83,-18.59,-15.08,3.65,4.32,3.89,0.5,0.98,0.66,20.85,19.2,20.35,4.18,4.03,4.14, snacks, sweets etc.,7.2,5.19,3.72,4.58, tobacco, and intoxicants,2.67,7.14,6.61,6.91,11.12,12.13,11.53,,4.47,4.47,10.39,11.69,10.91,7.63,7.24,7.43,5.46,7.33,6.15,4.81,5.01,4.95,4.07,6.03,5.17,4.48,6.97,5.9,7.92,8.37,8.12,5.72,6.59,6.17,6.05,5.39,5.72,5.05,2.8,4.19,9.7,9.33,9.58,5.03,5.29,5.13,9.49,8.82,9.2
2023,January,17.33,13.86,16.25,8.6,9.23,8.79,0,4.09,1.35,3.37,2.56,2.99,-10.24,-13.9,-11.7,4.09,4.52,4.27,0.84,1.15,0.92,21.47,20.32,21.09,4.18,4.53,4.32, snacks, sweets etc.,7.22,6.64,5.4,6.19, tobacco, and intoxicants,3.25,8.37,9.38,8.78,10.04,11.31,10.52,,4.62,4.62,10.49,11.45,10.84,7.46,7.14,7.32,5.72,7.47,6.36,4.6,4.45,4.54,4.18,5.93,5.15,4.65,6.71,5.83,9.31,9.83,9.57,5.94,6.49,6.21,6.85,6,6.52,6.65,4.85,6.0,9.21,8.88,9.08,5.79,6.48,6.04,9.12,8.5,8.83
2023,February,17.81,14.62,16.73,9.4,10.15,9.65,-1.92,2.39,-0.49,6.47,6.2,6.38,-10.57,-13.08,-11.55,3.78,4.78,4.09,1.19,1.33,1.26,20.75,18.93,20.2,3.99,4.85,4.37, snacks, sweets etc.,7.32,6.59,5.64,6.26, tobacco, and intoxicants,3.29,3.93,4.65,4.27,9.3,10.51,9.79,,4.83,4.83,9.32,10.86,9.9,7.42,7.24,7.35,5.88,7.6,6.5,4.65,4.31,4.53,4.17,5.39,4.87,4.64,6.3,5.62,9.24,9.68,9.43,5.98,6.34,6.12,6.72,6.1,6.44,6.6,5.09,5.95,8.92,8.57,8.79,3.43,3.22,3.34,8.9,8.27,8.67
2023,March,16.05,13.66,15.27,9.26,9.41,9.31,-9.75,-4.33,-7.91,7.25,7.83,7.55,-9.56,-6.63,-8.45,3.84,5.39,4.39,0.85,1.33,1.01,18.69,17.23,18.21,3.74,4.96,4.23, snacks, sweets etc.,7.05,4.92,5.42,5.11, tobacco, and intoxicants,3.17,3.57,5.66,4.41,7.97,9.44,8.57,,4.96,4.96,7.4,11,8.79,7.27,6.68,7.0,6.02,7.49,6.59,4.32,3.63,3.99,3.72,4.73,4.29,4.63,6.02,5.42,7.95,8.81,8.25,5.7,5.85,5.77,5.51,5.89,5.66,4.72,4.82,4.79,8.28,8.07,8.18,-1.35,-1.67,-1.42,8.32,7.84,8.13
2023,April,14.16,12.48,13.67,8.79,8.89,8.85,-13.93,-9.3,-12.33,2.36,1.88,2.14,-7.03,-5.66,-6.5,4.66,6.52,5.28,1.86,2.16,1.93,17.82,16.74,17.43,3.36,5.08,4.03, snacks, sweets etc.,6.48,4.09,4.36,4.16, tobacco, and intoxicants,3.48,2.07,4.74,3.1,6.97,8.54,7.63,,4.91,4.91,4.73,6.8,5.52,6.8,6.13,6.46,5.76,7.4,6.32,1.93,0.5,1.17,3.59,4.07,3.83,4.97,6.22,5.69,8.76,9.5,9.0,5.11,4.78,4.92,4.68,4.85,4.7,3.89,3.69,3.84,7.4,7.58,7.47,-1.34,-0.97,-1.18,7.44,7.48,7.48
2023,May,13.28,11.49,12.72,9.11,8.46,8.85,-17.44,-13.25,-16.01,0.6,0.74,0.7,-7.29,-8.96,-7.95,6,7.8,6.62,2.52,2.48,2.51,18.44,16.81,17.9,3.18,4.67,3.77, snacks, sweets etc.,5.93,3.51,3.15,3.35, tobacco, and intoxicants,3.63,5.95,7.68,6.65,6.04,7.83,6.71,,4.84,4.84,4.11,5.71,4.7,6.45,5.59,6.05,5.68,7.11,6.24,1.56,0.63,1.1,3.7,3.68,3.69,4.95,5.81,5.48,9.73,10.34,9.98,5.03,4.76,4.9,4.23,4.33,4.31,3.3,2.43,2.96,6.59,6.85,6.64,-1.49,-0.81,-1.24,6.64,6.65,6.66
2023,June,13.39,11.56,12.77,8.89,8.05,8.56,-19.65,-15.32,-18.17,0.72,2.13,1.36,-0.84,-0.33,-0.66,9.9,11.98,10.59,3.11,2.88,3.0,19.8,18.15,19.24,2.87,4.78,3.63, snacks, sweets etc.,5.33,4.7,4.63,4.69, tobacco, and intoxicants,3.89,6.78,7.29,7.03,5.48,7.05,6.06,,4.56,4.56,2.89,5.6,3.92,5.93,5.12,5.59,5.78,6.96,6.21,2.66,2.29,2.48,3.75,3.47,3.62,5.39,6.37,5.98,8.79,9.46,9.03,5.26,5.13,5.19,4.78,4.96,4.87,4.67,4.31,4.55,6.1,6.2,6.14,1.47,1.43,1.46,6.2,6.06,6.15
2023,July,13.72,11.61,13.04,8.6,7.9,8.34,-18.25,-14.12,-16.8,2.24,4.01,3.1,34.64,41.63,37.4,12.71,14.57,13.33,3.86,3.54,3.75,22.26,20.56,21.68,2.98,4.69,3.62, snacks, sweets etc.,4.86,10.14,11.15,10.57, tobacco, and intoxicants,4.04,3.27,4.64,3.82,4.83,6.49,5.49,,4.47,4.47,3.29,4.4,3.67,5.6,4.72,5.2,5.76,6.87,6.19,2.59,2.35,2.48,3.86,3.58,3.73,5.21,5.8,5.54,8.66,9.19,8.9,5.18,4.98,5.05,7.63,7.2,7.44,11.04,12.37,11.51,5.61,5.63,5.64,2.23,2.26,2.25,5.71,5.5,5.66
2023,August,12.23,10.92,11.85,7.92,7.54,7.79,-16.61,-12.88,-15.33,2.96,5.14,3.99,25.01,27.78,26.08,12.39,14.47,13.04,3.83,3.93,3.8,23.77,21.98,23.19,3.15,4.49,3.67, snacks, sweets etc.,4.84,8.97,9.53,9.19, tobacco, and intoxicants,4.13,3.51,5.57,4.31,4.07,6.06,4.81,,4.38,4.38,3.8,5.04,4.31,5.22,4.32,4.81,5.8,6.78,6.17,2.7,2.22,2.47,3.72,3.45,3.59,5.01,5.83,5.46,7.95,8.34,8.12,4.98,4.84,4.91,7.02,6.59,6.83,9.67,10.42,9.94,5.08,5.36,5.15,3.43,4.17,3.68,5.29,5.24,5.24
2023,September,11.36,9.95,10.95,7.08,6.76,6.95,-15.25,-11.71,-14.04,5.79,9.07,7.3,4.3,2.13,3.44,15.38,18.26,16.32,4.8,4.31,4.61,23.71,21.9,23.11,2.91,4.41,3.54, snacks, sweets etc.,4.55,6.38,6.16,6.3, tobacco, and intoxicants,3.96,5.62,7.78,6.48,3.33,5.26,4.07,,3.95,3.95,1.06,-2.06,-0.11,4.44,4.06,4.31,5.66,6.39,5.91,2.64,1.96,2.28,3.47,3.26,3.4,4.94,5.5,5.26,8.37,8.77,8.54,4.91,4.58,4.77,5.33,4.65,5.02,6.71,6.35,6.62,4.44,4.74,4.56,3.77,4.68,4.06,4.66,4.69,4.64
2023,October,11.11,9.8,10.71,6.38,6.55,6.44,-14.87,-11.65,-13.73,7.83,10.92,9.34,3.08,2.41,2.8,17.74,21.07,18.85,5.78,5.11,5.5,23.36,21.49,22.71,3.01,4.33,3.53, snacks, sweets etc.,4.26,6.26,6.33,6.29, tobacco, and intoxicants,3.9,8.75,10.12,9.3,2.77,4.92,3.59,,3.8,3.8,0.83,-2.39,-0.39,4.19,3.55,3.93,5.63,6.18,5.88,2.39,1.64,1.96,3.34,3.25,3.27,4.7,5.37,5.07,7.67,8.07,7.84,4.6,4.32,4.46,5.12,4.62,4.87,6.63,6.63,6.61,3.93,4.9,4.31,3.02,3.72,3.27,4.14,4.96,4.45
2023,November,10.72,9.38,10.27,5.75,5.8,5.75,-16.19,-12.94,-15.09,9.74,12.36,11.01,16.49,19.71,17.7,19.21,22.4,20.29,6.75,6.08,6.55,21.97,20.57,21.5,3.06,4.26,3.58, snacks, sweets etc.,3.64,7.7,8.44,8.02, tobacco, and intoxicants,3.79,5.66,6.33,5.9,2.48,4.59,3.29,,3.55,3.55,0.27,-2.5,-0.77,3.7,3.24,3.5,5.27,5.92,5.51,2.51,1.76,2.09,3.28,3.06,3.15,4.69,5.19,5.01,7.67,8.11,7.83,4.52,4.18,4.38,5.85,5.26,5.55,8.38,9.33,8.7,3.64,4.41,3.9,1.79,2.91,2.2,3.85,4.41,4.04
2023,December,10.31,9.05,9.93,5.19,4.95,5.07,-16.25,-12.51,-14.96,10.15,12.16,11.08,25.43,31.28,27.64,19.77,22.65,20.73,7.43,6.74,7.22,20.05,19.05,19.69,2.94,3.93,3.33, snacks, sweets etc.,3.52,8.26,9.35,8.7, tobacco, and intoxicants,3.68,4.23,4.64,4.36,2.37,4.07,3.05,,3.63,3.63,0.16,-2.82,-0.99,3.46,3.23,3.37,4.9,5.42,5.08,2.38,1.57,1.96,3.39,2.87,3.08,4.51,5.06,4.82,7.06,7.61,7.28,4.27,3.92,4.07,5.93,5.46,5.69,9.03,10.42,9.53,3.35,3.98,3.61,0.53,2.16,1.1,3.56,4,3.75
2024,January,7.76,7.96,7.83,4.76,4.34,4.64,-16.3,-12.47,-14.96,8.57,8.72,8.59,25.89,29.04,27.1,18.63,21.32,19.54,7.81,6.76,7.43,16.82,15.27,16.31,3.05,3.73,3.33, snacks, sweets etc.,3.45,7.26,8.19,7.58, tobacco, and intoxicants,3.2,6.17,4.62,5.55,2.2,3.93,2.87,,3.2,3.2,0.49,-2.44,-0.6,3.22,2.98,3.07,4.6,5.21,4.88,2.26,1.63,1.96,3.14,2.62,2.89,4.5,5.24,4.93,5.72,6.21,5.88,3.91,3.73,3.82,5.34,4.92,5.1,7.91,9.02,8.3,3.18,3.68,3.37,0.77,1.95,1.19,3.33,3.58,3.46
2024,February,7.59,7.72,7.65,4.04,3.56,3.86,-15.19,-11.67,-13.97,4.96,4.76,4.83,29.54,31.38,30.25,18.05,20.47,18.9,7.7,6.96,7.48,13.64,13.28,13.51,2.76,3.41,3.03, snacks, sweets etc.,3.28,7.5,8.23,7.76, tobacco, and intoxicants,2.98,10.58,10.89,10.69,2.14,3.49,2.64,,2.88,2.88,0.44,-2.82,-0.77,2.98,2.67,2.82,4.42,4.67,4.53,2.07,1.63,1.83,2.9,2.62,2.71,4.38,5.05,4.75,5.06,5.55,5.23,3.67,3.54,3.63,5.34,4.78,5.09,8.27,9.19,8.66,2.96,3.38,3.14,4.83,5.71,5.16,3.06,3.4,3.18
2024,March,8.61,7.9,8.37,3.5,3.2,3.38,-12.6,-10.16,-11.72,3.35,2.67,3.01,29.52,26.55,28.34,17.13,19.05,17.77,7.47,6.73,7.25,11.41,11.43,11.4,2.53,3.27,2.84, snacks, sweets etc.,3.16,7.84,7.52,7.74, tobacco, and intoxicants,2.82,10.81,9.65,10.33,2.19,3.17,2.57,,2.71,2.71,-0.22,-8.32,-3.35,2.63,2.84,2.7,4.13,4.59,4.28,1.78,1.31,1.52,2.89,2.61,2.76,4.26,5.04,4.69,5.87,6.23,6.02,3.54,3.53,3.5,5.51,4.14,4.85,8.55,8.41,8.52,2.9,3.14,2.97,6.19,6.83,6.4,3.05,3.11,3.12
2024,April,8.94,8.07,8.63,3.03,2.91,2.97,-10.14,-8.18,-9.43,5.24,5.25,5.22,29.48,25.29,27.8,16.15,18.03,16.84,6.15,5.77,6.02,7.56,8.13,7.75,2.3,3.02,2.6, snacks, sweets etc.,2.94,7.98,7.69,7.87, tobacco, and intoxicants,2.71,7.33,6.84,7.13,2.03,3.04,2.4,,2.68,2.68,-1.1,-8.84,-4.02,2.62,2.83,2.75,4.11,4.46,4.27,1.42,0.81,1.09,2.83,2.49,2.64,4.07,4.36,4.2,7.18,7.81,7.45,3.63,3.45,3.54,5.43,4.11,4.83,8.75,8.56,8.7,2.79,2.96,2.85,7.83,8.94,8.22,2.88,2.93,2.89
2024,May,8.95,8.19,8.69,2.51,2.73,2.62,-7.39,-5.6,-6.71,6.75,6.6,6.68,28.24,26.05,27.39,16.47,18.54,17.14,5.74,5.72,5.7,3.71,5.52,4.27,2.07,2.95,2.42, snacks, sweets etc.,2.88,7.81,7.92,7.87, tobacco, and intoxicants,2.8,8.13,7.02,7.68,1.7,2.91,2.17,,2.56,2.56,-1.21,-7.69,-3.67,2.28,2.76,2.51,4.21,4.28,4.2,1.24,0.69,0.97,2.7,2.42,2.57,3.66,4.35,4.07,7.41,8.08,7.67,3.57,3.32,3.41,5.34,4.21,4.8,8.62,8.83,8.69,2.57,3.01,2.74,7.09,7.7,7.28,2.77,2.98,2.83
2024,June,9,8.14,8.75,2.78,3.34,3.0,-2.99,-2.25,-2.68,7.37,6.86,7.15,30.14,27.94,29.32,15.42,17.41,16.07,5.86,5.76,5.83,1.28,3.69,2.06,2.12,2.76,2.36, snacks, sweets etc.,2.97,8.31,8.48,8.36, tobacco, and intoxicants,2.84,4.14,4.05,4.1,1.54,2.85,2.05,,2.69,2.69,-0.72,-8.34,-3.61,2.05,2.82,2.39,3.98,4.32,4.13,1.24,0.68,0.97,2.47,2.3,2.33,3.41,3.73,3.57,8.03,8.42,8.23,3.5,3.31,3.41,5.66,4.39,5.08,9.15,9.6,9.36,2.56,2.89,2.73,4.99,6.13,5.39,2.71,2.91,2.77
2024,July,8.44,7.54,8.14,2.77,3.49,3.05,-1.15,-1.01,-1.1,4.61,3.05,3.84,9.6,2.74,6.83,14.14,16.02,14.77,5.33,5.17,5.22,-2.17,0.18,-1.43,1.84,2.87,2.23, snacks, sweets etc.,2.92,5.47,4.46,5.06, tobacco, and intoxicants,2.74,6.94,6.71,6.82,1.48,2.84,1.99,,2.68,2.68,-2.96,-9.55,-5.48,1.88,2.81,2.33,3.91,4.31,4.06,2.87,2.3,2.6,2.23,2.17,2.2,3.7,3.41,3.54,8.35,8.58,8.44,3.98,3.7,3.84,4.1,3.03,3.6,5.89,4.63,5.42,2.5,2.94,2.67,5.38,6.94,5.92,2.65,2.96,2.76
2024,August,7.6,6.73,7.31,2.76,3.31,2.92,-0.67,-1.19,-0.86,6.83,6.07,6.45,13.22,6.94,10.75,13.15,14.36,13.6,4.73,4.57,4.7,-5.16,-2.77,-4.36,1.94,3.04,2.4, snacks, sweets etc.,2.9,5.65,4.81,5.3, tobacco, and intoxicants,2.53,7.92,5.89,7.08,1.69,2.65,2.1,,2.66,2.66,-2.69,-9.39,-5.25,1.99,2.98,2.43,3.95,4.29,4.1,2.92,2.54,2.71,2.28,2.4,2.37,3.9,3.73,3.85,7.8,8.24,8.0,3.92,3.86,3.89,4.16,3.14,3.65,6.02,4.99,5.66,2.55,2.88,2.72,4.26,4.32,4.3,2.64,2.9,2.75
2024,September,7.11,6.34,6.84,2.81,3.3,3.03,2.98,1.64,2.53,8.35,6.79,7.65,36.1,35.96,36.04,9.79,9.8,9.81,3.48,3.5,3.46,-6.78,-4.79,-6.13,2.33,3.03,2.57, snacks, sweets etc.,2.95,8.25,8.55,8.36, tobacco, and intoxicants,2.32,6.61,5.97,6.36,1.58,2.64,1.98,,2.72,2.72,-0.28,-3.19,-1.34,2.15,3.09,2.55,3.94,4.38,4.09,2.86,2.54,2.71,2.22,2.51,2.37,3.62,3.94,3.79,8.81,9.3,9.0,4.02,4.09,4.05,5.87,5.05,5.49,9.08,9.56,9.24,2.54,2.92,2.71,2.66,2.55,2.62,2.69,3,2.8
2024,October,7.27,6.24,6.94,2.81,3.13,2.97,10.97,7.13,9.57,10.06,6.69,8.43,41.99,42.63,42.23,7.61,7,7.38,2.5,2.54,2.57,-7.64,-5.7,-7.01,2.37,3.2,2.67, snacks, sweets etc.,3.15,9.66,9.85,9.69, tobacco, and intoxicants,2.42,4.81,5.12,4.93,1.79,2.7,2.15,,2.81,2.81,-0.66,-3.41,-1.67,2.26,3.2,2.65,3.76,4.37,3.96,2.92,2.54,2.77,2.33,2.5,2.42,3.79,3.99,3.9,10.75,11.33,10.99,4.4,4.31,4.32,6.68,5.62,6.21,10.69,11.09,10.87,2.64,2.75,2.7,3.02,3.41,3.17,2.79,2.71,2.79
2024,November,7.2,6.13,6.88,2.69,3.02,2.85,14.88,10.27,13.28,9.22,6.02,7.68,30.07,28.21,29.37,5.72,4.83,5.41,1.08,1.76,1.31,-7.97,-6.38,-7.43,2.31,3.37,2.72, snacks, sweets etc.,3.51,8.41,7.99,8.2, tobacco, and intoxicants,2.56,4.67,5.13,4.84,1.9,2.63,2.2,,2.87,2.87,-0.88,-3.53,-1.83,2.42,3.31,2.82,3.86,4.19,4.01,2.85,2.47,2.7,2.61,2.68,2.65,3.67,4.1,3.89,10.34,10.54,10.42,4.33,4.24,4.26,5.95,4.89,5.48,9.1,8.74,9.04,2.74,2.74,2.75,4.74,4.64,4.67,2.83,2.76,2.78
2024,December,6.82,5.87,6.51,2.69,2.96,2.8,16.38,11.42,14.6,9.5,7.55,8.6,28.66,23.27,26.56,4.02,3.47,3.83,-0.15,0.99,0.23,-8.07,-6.12,-7.41,2.58,3.72,3.0, snacks, sweets etc.,3.55,8,7.22,7.69, tobacco, and intoxicants,2.76,6.44,7.47,6.85,1.79,2.57,2.08,,2.71,2.71,-0.44,-2.85,-1.33,2.47,3.24,2.81,4,4.12,4.05,2.85,2.41,2.64,2.54,2.79,2.7,3.72,4.1,3.95,9.68,9.82,9.76,4.26,4.12,4.19,5.76,4.58,5.22,8.65,7.9,8.39,2.73,2.79,2.74,5.34,5.15,5.3,2.87,2.81,2.83
2025,January,6.56,5.56,6.24,2.79,2.95,2.85,17.25,12.71,15.64,13.14,11.06,12.16,13.12,8.58,11.35,2.57,2.55,2.55,-0.08,1.07,0.31,-7.6,-5.35,-6.85,2.96,4,3.39, snacks, sweets etc.,3.44,5.91,5.36,5.68, tobacco, and intoxicants,2.51,0.59,2.28,1.27,1.84,2.44,2.08,,2.82,2.82,-0.71,-2.9,-1.49,2.41,3.35,2.86,3.93,4.05,3.97,3.08,2.47,2.76,2.48,2.85,2.69,3.61,3.98,3.83,10.5,10.74,10.63,4.42,4.28,4.35,4.59,3.87,4.26,6.31,5.53,5.97,2.62,2.73,2.68,5.24,5.2,5.25,2.71,2.81,2.72
2025,February,6.36,5.47,6.1,2.57,2.84,2.68,17.92,13.48,16.36,15.31,14.2,14.82,0.78,-4.11,-1.13,-0.3,-0.44,-0.35,2.1,2.37,2.16,-6.61,-4.27,-5.85,3.35,4.36,3.73, snacks, sweets etc.,3.58,4.05,3.44,3.84, tobacco, and intoxicants,2.6,-3.37,-2.3,-2.96,1.68,2.44,2.02,,2.91,2.91,-0.54,-2.62,-1.33,2.4,3.35,2.8,4.02,4.25,4.12,3.19,2.65,2.93,2.54,2.78,2.69,3.55,4.04,3.83,13.45,13.78,13.63,4.95,4.73,4.84,3.79,3.32,3.61,4.06,3.15,3.75,2.57,2.84,2.68,2,2.28,2.11,2.71,2.86,2.77
2025,March,6.08,5.52,5.93,2.57,2.61,2.62,18.41,14.67,17.07,16.67,15.73,16.27,-6.3,-8.22,-7.04,-2.7,-2.78,-2.73,3.98,3.77,3.89,-5.67,-3.37,-4.92,3.73,4.58,4.06, snacks, sweets etc.,3.57,2.92,2.93,2.88, tobacco, and intoxicants,2.79,-3.79,-2.11,-3.1,1.67,2.5,1.96,,3.03,3.03,0.94,2.27,1.42,2.24,3.22,2.68,4.17,4.39,4.26,3.55,3.15,3.36,1.97,2.84,2.46,3.82,4.08,3.98,13.33,13.74,13.5,5.1,4.89,4.99,3.25,3.43,3.34,2.82,2.48,2.69,2.51,2.83,2.62,0.09,0.71,0.32,2.66,2.91,2.71
2025,April,5.4,5.13,5.35,2.61,2.88,2.72,18.83,15.04,17.42,14.66,13.04,13.91,-10.92,-11.05,-10.98,-5.18,-5.29,-5.23,4.69,4.3,4.59,-4.14,-2.05,-3.44,4,4.99,4.4, snacks, sweets etc.,3.82,2.06,2.29,2.14, tobacco, and intoxicants,2.29,0.44,1.3,0.83,1.78,2.49,2.07,,3.06,3.06,2.12,4.4,2.92,2.07,3.1,2.51,4.21,4.32,4.25,3.78,3.53,3.67,1.97,2.95,2.51,3.96,4.24,4.13,12.79,13.08,12.95,5.07,4.98,5.02,2.92,3.36,3.16,1.85,1.64,1.78,2.46,2.93,2.67,-0.22,-0.6,-0.35,2.55,2.95,2.7
2025,May,4.82,4.66,4.77,2.82,3.69,3.15,19.38,15.46,17.91,13.36,12.06,12.74,-14,-13.29,-13.7,-8.15,-8.35,-8.22,4.27,3.73,4.09,-3.32,-1.79,-2.82,4.28,5.09,4.56, snacks, sweets etc.,3.76,1.36,1.72,1.5, tobacco, and intoxicants,2.38,0.11,1.43,0.64,1.94,2.54,2.18,,3.16,3.16,2.5,3.31,2.78,2.07,1.95,2.0,4.19,4.53,4.34,4.02,3.65,3.85,1.85,2.94,2.45,3.91,4.28,4.12,13.49,13.41,13.49,5.22,4.91,5.06,2.59,3.07,2.82,0.95,0.96,0.99,2.55,2.82,2.67,-0.4,-0.47,-0.39,2.65,2.95,2.8
